CompanyName,URL,WebSales2016,MerchadiseCategory,MerchantType,DateVisited,TimeVisited,NumberofpagescapturedPDF,Product,Price_Text,TotalNumber_DeliberationFeatures,TotalNumber_ImpulseFeatures,feature_othersboughtrecommendations,feature_othersviewedrecommendations,feature_saveforlaterlist,feature_similarproductsrecommendations,feature_addonrecommendations,feature_bestseller,feature_cartcheckoutpopup,feature_discountforaddonproducts,feature_discountforautoreorder,feature_discountforemailaddress,feature_discountforfirstpurchasenotemailaccount,feature_discountpromocodenotshippingnotgifts,feature_discountedprice,feature_donationwithpurchase,feature_easycredit,feature_exclusiveprice,feature_exclusiveproduct,feature_externaladssponsoredproducts,feature_freecancellationreservations,feature_freegiftwithpurchase,feature_generalrecommendations,feature_generalwishlist,feature_helpfulnothelpfulreviewvoting,feature_interactivity,feature_internalads,feature_limitedtimediscountnoclock,feature_limitedtimediscountwcountdownclock,feature_limitedtimeproductavailabilitynoclock,feature_limitedtimeproductavailabilitywcountdownclock,feature_limitedquantityforsalenotlowstock,feature_lockindiscountnow,feature_lowstockwarning,feature_memberrewardsprogramdiscounts,feature_multipleproductpictures,feature_negativereviewhighlighted,feature_ExpeditedShipping_nextdayshipping_child,feature_numberofcustomersinterested,feature_numberofratingsreviews,feature_numbersoldor#customersbought,feature_orderdeadlineforshipping,feature_personalizationquiz,feature_personalizedrecommendations,feature_positivereviewhighlighted,feature_previewproductspecs,feature_pricealerts,feature_pricematchguarantee,feature_productcollectionforbrowsing,feature_productcomparison,feature_productQAsection,feature_quickaddtocart,feature_quickcheckout,feature_quickview,feature_ratingdistribution,feature_referraldiscount,feature_requiresaccounttocheckout,feature_salepagelist,feature_ExpeditedShipping_samedayshipping_child,feature_seeingthatfriendsknownothersbought,feature_sellingFast,feature_sharecartorproductnocounter,feature_sharecartorproductwithcounter,feature_showingrealpeopleusingproductnotmodelscelebs,feature_showsproductratingsreviews,feature_soldoutbackordered,feature_storepickup,feature_sweepstakeswithpurchase,feature_thirdpartyseal,feature_trialperiod,feature_videoanimation,feature_virtualdressingroom,feature_returnsrefunds,feature_ExpeditedShipping_PARENT,feature_discountedshippingmin,Theme_Deliberation_COUNT,Theme_AddOnBenefit_COUNT,Theme_Advertising_COUNT,Theme_Browsing_COUNT,Theme_Investment_COUNT,Theme_LowerRisk_COUNT,Theme_PerceivedScarcity_COUNT,Theme_PhysicalProximity_COUNT,Theme_ShoppingMomentum_COUNT,Theme_SocialInfluence_COUNT,Theme_TemporalProximity_COUNT,Theme_Urgency_COUNT
Macy's Inc.,www.macys.com,1 billion+,Mass Merchant,Retail Chain,4/25/18,14:40:00,9,Pillow,$19.99 ,3,34,0,1,0,1,1,0,1,1,0,1,0,1,1,0,1,0,1,1,0,1,1,1,1,1,1,1,1,0,0,1,1,0,1,1,0,0,0,1,0,0,0,0,0,1,0,0,1,0,0,1,0,1,1,0,0,1,0,0,0,1,0,0,1,0,1,0,1,0,0,0,1,1,1,3,1,2,5,0,7,2,3,3,3,5,3
OpticsPlanet Inc.,www.opticsplanet.com,$250M-$500M,Sporting Goods,Web Only,4/29/18,23:00:00,11,Sunglasses,$1.69 ,4,34,0,0,1,1,1,1,1,0,0,1,0,1,1,0,0,0,1,0,0,1,1,1,0,1,0,1,1,0,0,1,1,1,1,1,0,0,0,1,0,0,0,0,0,1,1,1,1,1,1,1,0,0,0,0,0,1,0,0,0,1,1,0,1,0,0,0,1,1,1,0,1,1,1,4,1,0,3,1,9,3,4,2,5,3,3
Amazon,www.amazon.com,1 billion+,Mass Merchant,Web Only,4/24/18,15:30:00,7,Book,$4.71 ,6,33,1,1,1,1,1,1,1,1,0,0,0,0,1,0,0,0,0,1,0,1,1,1,1,1,1,1,1,0,0,0,0,1,1,1,0,1,0,1,1,1,0,1,0,1,1,0,1,1,1,1,0,0,1,0,0,1,0,0,0,0,0,0,1,0,0,0,0,1,1,0,1,1,1,6,1,2,5,1,6,1,4,3,5,3,3
Newegg Inc.,www.newegg.com,1 billion+,Computers/Electronics,Web Only,4/26/18,12:10:00,13,Game,$53.99 ,3,32,1,0,0,1,0,1,0,1,0,0,0,1,1,0,1,1,0,1,0,1,0,1,0,1,1,1,1,0,0,1,0,0,1,1,0,0,0,1,0,0,0,0,1,0,1,1,1,1,1,1,0,0,0,0,1,1,0,0,0,1,0,0,1,0,0,0,1,1,1,0,1,1,0,3,1,2,2,2,8,2,3,1,6,3,2
Target Corp.,www.target.com,1 billion+,Mass Merchant,Retail Chain,4/25/18,15:45:00,10,Dog Toy,$1.79 ,3,31,1,0,1,1,0,1,0,1,1,0,0,0,1,0,0,1,1,1,0,1,1,1,0,1,1,1,1,0,0,0,0,1,1,0,0,1,0,1,0,1,0,1,0,0,0,0,1,0,1,1,0,0,0,0,0,1,1,0,0,0,0,1,1,1,1,0,0,0,0,1,1,1,1,3,1,2,4,0,4,4,2,3,5,3,3
Office Depot Inc.,www.officedepot.com,1 billion+,Office Supplies,Retail Chain,4/25/18,14:25:00,11,Pens,$1.59 ,2,30,1,1,0,1,0,1,1,1,0,1,0,1,1,0,0,1,0,1,0,0,1,1,0,1,1,1,1,0,0,1,0,0,1,0,0,0,0,1,0,0,0,0,0,1,0,1,1,1,0,1,0,0,0,0,0,1,0,0,0,1,0,0,1,1,1,0,1,0,0,0,0,0,1,2,0,2,4,0,6,3,2,2,5,3,2
J.C. Penney Co. Inc.,www.jcpenney.com,1 billion+,Apparel/Accessories,Retail Chain,4/26/18,15:35:00,9,Wallet,$4.00 ,3,30,1,0,1,1,1,1,0,1,0,1,0,1,1,0,1,1,1,1,0,1,0,1,0,1,1,1,1,0,0,1,0,1,1,0,0,0,0,1,0,0,0,0,0,1,1,0,1,0,1,1,0,0,0,0,0,1,0,0,0,0,0,0,1,0,1,0,0,0,0,0,1,0,1,3,1,2,2,1,7,4,2,3,4,3,2
eBay,www.ebay.com,1 billion+,Mass Merchant,Web Only,4/24/18,14:15:00,9,Scarf,$7.99 ,2,29,0,1,1,1,1,1,1,1,0,0,0,0,1,0,0,0,0,1,0,0,0,1,0,1,1,1,1,0,0,1,0,1,1,1,0,1,1,1,1,0,0,0,0,1,0,1,1,0,0,0,0,0,0,0,0,1,0,0,0,1,0,0,1,0,1,0,1,0,0,0,1,1,0,2,0,2,3,0,5,2,3,2,6,3,2
American Eagle,www.ae.com,$500M-$1billion,Apparel/Accessories,Retail Chain,4/27/18,17:30:00,8,Earrings,$9.57 ,1,28,1,0,0,1,1,0,0,1,0,0,0,0,1,1,0,1,1,0,0,1,1,1,0,1,1,1,0,0,0,0,0,0,1,1,0,1,0,0,0,0,0,1,0,0,0,0,1,0,0,1,0,1,0,1,0,1,0,0,0,1,0,1,1,0,1,0,0,0,0,0,1,1,1,1,2,1,5,0,4,2,2,3,5,3,1
MidwayUSA Inc.,www.midwayusa.com,$250M-$500M,Sporting Goods,Web Only,4/28/18,15:45:00,11,T-Shirt,$8.48 ,1,28,1,0,0,1,0,1,0,1,0,0,1,0,1,0,0,0,0,0,0,0,1,1,0,1,1,0,0,1,0,0,1,0,1,1,0,1,0,1,0,1,0,0,0,1,0,0,0,0,0,1,0,0,0,0,1,1,0,0,0,1,0,0,1,1,1,0,1,0,1,0,1,1,1,1,0,1,2,1,5,1,4,3,5,3,3
"Expedia, Inc. (Travelocity)",travelocity.com,NA,Travel,Web Only,5/3/18,12:25:00,9,Hotel Room,$169/d,2,28,0,0,0,0,1,1,0,1,0,0,0,1,1,0,1,0,0,1,1,1,0,1,0,1,0,1,1,1,0,1,1,1,1,1,0,0,1,1,0,0,0,0,1,1,0,1,0,1,0,1,0,0,0,0,0,1,0,0,1,0,0,0,1,0,0,0,0,0,1,0,0,0,0,2,1,1,0,0,5,3,4,2,5,2,4
Bed Bath & Beyond Inc.,www.bedbathandbeyond.com,$500M-$1billion,Housewares/Home Furnishings,Retail Chain,4/27/18,17:40:00,9,Patio Furniture,$14.99 ,3,28,0,1,0,1,1,1,0,0,0,1,0,0,1,0,0,0,1,1,0,0,1,1,0,1,1,0,0,0,0,1,0,0,1,0,0,1,0,1,0,0,0,1,0,0,0,1,1,1,1,1,0,1,0,0,0,1,1,0,0,1,1,1,1,1,1,0,0,0,0,0,0,1,1,3,0,2,6,0,4,3,1,2,6,3,0
Best Buy Co. Inc.,www.bestbuy.com,1 billion+,Apparel/Accessories,Retail Chain,4/25/18,13:50:00,10,Tablet Case,$3.99 ,4,28,1,0,1,0,1,1,1,0,0,0,0,0,1,0,1,1,0,1,0,1,1,1,0,1,1,1,0,0,0,0,0,0,1,1,0,0,0,1,0,1,0,0,0,0,0,1,1,1,1,1,0,0,0,0,0,1,1,0,0,1,0,0,1,1,1,0,0,0,0,0,1,1,1,4,1,2,2,0,4,2,2,2,5,5,2
eBags Inc.,www.ebags.com,$125M-$250M,Apparel/Accessories,Web Only,4/30/18,13:15:00,13,Scarf,$12.99 ,1,27,1,0,0,1,1,1,1,0,0,1,0,1,1,0,0,0,1,1,0,0,1,1,0,1,0,1,0,0,0,1,0,0,1,0,0,0,0,1,0,0,0,1,0,0,0,0,1,0,0,1,0,0,0,1,0,1,0,0,0,1,0,0,1,0,0,0,1,0,0,0,1,1,1,1,0,1,4,0,7,2,1,2,6,3,1
Williams.Sonoma Inc.,www.williams-sonoma.com,1 billion+,Housewares/Home Furnishings,Retail Chain,4/26/18,12:40:00,11,Coffee,$7.99 ,2,27,0,1,1,1,0,1,0,1,0,1,0,0,1,0,0,0,1,0,0,1,0,1,0,1,1,1,0,0,0,0,0,0,1,1,0,0,0,1,0,0,0,1,0,0,0,0,1,0,0,0,0,1,0,0,0,1,0,0,0,1,1,1,1,0,1,0,1,0,1,0,1,0,1,2,1,1,5,0,6,1,3,2,6,1,1
New York & Co. Inc.,www.nyandcompany.com,$125M-$250M,Apparel/Accessories,Retail Chain,4/30/18,14:05:00,12,T-shirt,$12.00 ,3,27,0,0,0,1,1,1,0,1,0,1,0,1,1,1,0,0,1,0,0,0,1,1,1,0,1,1,0,0,0,0,0,0,1,1,0,1,0,1,0,0,0,0,0,1,0,0,1,0,0,1,0,1,1,0,0,1,0,0,0,1,0,1,1,0,1,0,1,0,0,0,1,1,0,3,1,1,4,0,7,1,2,2,5,3,1
Build.com Inc.,www.build.com,$500M-$1billion,Hardware/Home,Web Only,4/27/18,18:05:00,10,Patio Pillow,$18.57 ,3,27,0,1,0,1,1,1,0,0,0,1,0,1,1,0,1,1,0,0,0,0,0,1,0,1,1,1,0,0,0,1,1,1,1,1,0,0,1,1,0,0,0,0,0,1,0,0,1,1,1,0,0,0,0,0,0,1,0,0,0,1,0,0,1,0,0,0,1,0,0,0,1,0,1,3,0,1,3,0,7,3,3,2,5,1,2
Staples Inc.,www.staples.com,1 billion+,Computers/Electronics,Retail Chain,4/25/18,14:20:00,8,Pens,$1.49 ,4,27,1,1,0,1,1,0,1,0,1,0,0,0,1,0,0,0,0,1,0,0,1,1,1,1,1,1,1,0,0,0,0,0,1,1,0,1,0,1,1,0,0,0,0,0,0,1,0,1,0,1,0,0,1,0,0,1,0,0,0,1,0,0,1,0,1,0,0,0,1,0,1,1,1,4,0,2,3,0,4,0,3,3,5,4,2
Evine Live Inc.,www.evine.com,$250M-$500M,Mass Merchant,Catalog/Call Center,4/29/18,20:05:00,12,Eyeshadow,$15.00 ,1,26,0,1,0,0,0,1,1,1,0,1,0,0,1,0,1,0,0,0,0,0,1,0,0,1,1,1,0,0,0,0,1,1,1,1,0,0,0,0,0,0,0,0,0,1,0,0,1,1,0,1,0,1,0,0,1,1,0,0,0,0,0,0,1,0,0,0,0,0,1,0,1,1,1,1,0,1,4,1,5,1,4,2,2,4,2
HSN Inc.,www.hsn.com,1 billion+,Mass Merchant,Catalog/Call Center,4/26/18,14:50:00,12,Eyeshadow,$10.00 ,1,26,0,0,0,1,1,1,0,1,0,1,0,1,1,1,1,0,0,0,0,0,1,1,0,1,1,1,0,0,0,0,0,1,1,0,0,0,0,1,0,0,0,0,0,1,0,0,1,0,0,1,0,0,0,0,0,1,0,0,0,1,0,1,1,0,0,0,0,0,1,0,1,1,0,1,1,1,3,0,6,1,3,2,5,3,1
LuLu's Fashion Lounge Inc.,www.lulus.com,$125M-$250M,Apparel/Accessories,Web Only,5/1/18,15:00:00,11,Scarf,$10.00 ,1,26,1,0,0,1,1,1,1,0,0,1,0,0,1,0,0,0,0,0,0,0,1,1,0,0,0,1,0,1,0,0,1,0,1,1,0,0,0,1,0,0,0,1,0,0,0,0,1,0,0,1,0,1,0,0,0,1,0,0,0,1,0,1,1,0,0,0,1,0,0,0,1,1,1,1,0,0,5,0,6,0,1,2,6,3,3
Peapod LLC,www.peapod.com,$500M-$1billion,Food/Drug,Web Only,5/1/18,14:00:00,13,Coffee,$5.49 ,1,26,0,0,0,1,0,1,1,1,0,0,0,1,1,0,0,0,0,1,0,1,0,1,0,1,1,1,0,0,0,0,0,0,1,1,0,0,0,1,0,0,0,1,0,0,0,0,1,0,0,1,0,1,0,0,1,1,0,0,0,1,0,0,1,1,1,0,1,0,0,0,1,0,0,1,1,2,4,1,6,1,2,1,4,3,1
"Expedia, Inc. (Expedia)",expedia.com,NA,Travel,Web Only,5/3/18,12:00:00,7,Hotel Room,$134/d,1,26,0,0,0,0,1,1,0,1,0,0,0,0,1,0,1,0,0,1,0,1,0,1,0,1,1,1,1,0,0,0,1,1,1,1,0,0,1,1,1,0,0,0,0,0,1,1,1,0,0,1,0,0,0,0,0,1,0,0,1,1,0,0,1,0,0,0,0,0,0,0,0,0,0,1,1,2,1,1,4,2,2,2,6,2,3
Ulta Beauty,www.ulta.com,$250M-$500M,Health/Beauty,Retail Chain,4/29/18,20:20:00,12,Mascara,$2.00 ,2,26,1,1,0,0,1,1,1,1,0,0,0,1,1,0,0,0,1,0,0,1,0,1,1,1,1,1,0,0,0,1,0,0,1,1,0,0,0,1,0,0,0,0,0,0,0,0,1,0,0,1,0,1,0,0,0,1,0,0,0,1,0,1,1,0,0,0,0,0,0,0,1,0,1,2,1,1,3,0,5,2,2,3,6,2,1
"Expedia, Inc. (Hotels)",hotels.com,NA,Travel,Web Only,5/3/18,12:10:00,7,Hotel Room,$189/d,2,26,0,0,0,1,0,1,0,1,0,1,0,1,1,0,0,0,0,1,1,1,1,1,0,0,0,1,1,0,0,0,1,1,1,1,0,0,1,1,0,0,0,0,0,0,0,1,0,1,0,0,0,0,0,0,0,1,0,0,1,1,0,0,1,1,0,0,1,0,1,0,0,0,0,2,1,1,2,0,7,3,2,1,5,0,3
Jewelry Television,http://www.jtv.com/,$125M-$250M,Jewelry,Catalog/Call Center,5/1/18,14:50:00,12,Earrings,$7.82 ,3,26,0,0,0,1,1,1,0,0,0,1,0,0,1,0,1,1,0,0,0,0,1,1,1,1,1,0,0,0,0,0,0,0,1,1,0,1,0,1,0,0,0,0,0,0,0,0,1,0,0,1,1,1,1,0,0,1,0,0,0,1,0,1,1,0,0,0,1,0,1,0,1,1,1,3,0,1,4,0,6,1,3,2,5,4,0
Carter's Inc.,www.carters.com,$250M-$500M,Apparel/Accessories,Consumer Brand Manufacturer,4/28/18,16:30:00,9,T-Shirt,$7.00 ,4,26,0,1,1,0,1,0,0,1,0,1,0,0,1,0,0,0,1,0,0,0,0,1,1,1,1,1,0,0,0,1,0,0,1,0,0,1,0,1,0,0,0,1,1,0,0,0,1,0,1,0,0,0,0,1,0,1,0,0,0,1,0,1,1,0,1,0,1,0,1,0,1,1,1,4,0,1,3,0,6,2,2,3,6,2,1
Dick's Sporting Goods,www.dickssportinggoods.com,$500M-$1billion,Sporting Goods,Retail Chain,4/27/18,15:45:00,9,Sunglasses,$9.99 ,4,26,0,0,1,1,0,1,0,1,0,1,0,1,1,0,0,1,1,1,0,1,0,0,1,1,1,1,0,0,0,0,0,0,0,1,0,0,0,1,0,0,0,1,0,1,0,1,1,1,0,1,0,0,1,0,0,1,0,0,0,0,0,0,1,0,1,0,0,0,0,0,1,1,1,4,1,2,3,0,5,2,3,2,3,3,1
Shoplet.com,www.shoplet.com,$125M-$250M,Office Supplies,Web Only,4/30/18,14:50:00,11,Pens,$0.96 ,4,26,0,0,1,0,1,1,0,1,1,1,0,0,0,1,0,0,0,0,0,1,1,1,1,1,0,1,0,0,0,0,0,0,1,1,0,0,0,1,0,0,0,0,0,0,1,0,0,1,0,1,0,1,0,0,1,1,0,0,0,1,1,0,1,1,0,0,1,0,0,0,1,1,1,4,2,0,2,2,6,1,2,4,5,2,1
Market America l Shop.com,www.shop.com,$500M-$1billion,Mass Merchant,Web Only,4/27/18,17:10:00,10,Holiday Decoration,$0.69 ,2,25,0,0,1,0,0,1,0,1,0,1,0,1,1,0,0,0,0,1,0,1,0,1,0,1,1,1,0,0,0,0,1,0,1,0,0,0,0,1,0,0,0,1,0,0,1,0,1,0,0,1,0,1,0,0,0,1,0,1,0,1,0,0,1,0,0,0,1,0,0,0,0,1,1,2,1,2,3,1,7,0,1,2,5,2,2
J. Crew Group Inc.,www.jcrew.com,1 billion+,Apparel/Accessories,Retail Chain,4/27/18,13:45:00,13,Scraf,$14.99 ,3,25,0,1,0,1,1,1,0,0,0,0,0,1,1,0,0,1,0,0,0,0,0,1,1,1,1,0,0,0,0,0,0,0,1,1,1,1,0,1,0,0,0,0,1,1,0,0,1,0,0,1,0,1,0,0,0,1,0,0,1,1,0,0,1,0,1,0,0,0,0,0,1,1,1,3,0,1,4,0,5,2,3,2,5,3,0
REI,www.rei.com,$500M-$1billion,Sporting Goods,Retail Chain,4/27/18,18:20:00,13,Socks,$4.73 ,3,25,1,0,1,1,1,1,0,1,0,1,0,1,1,0,0,0,1,0,0,0,0,0,0,1,1,1,0,0,0,0,0,0,1,1,0,1,0,1,0,1,1,0,0,1,0,0,0,1,1,0,0,0,0,0,0,1,0,0,0,0,0,0,1,0,1,0,1,0,0,0,1,1,1,3,0,1,1,1,7,1,3,3,4,2,2
Lands' End,www.landsend.com,1 billion+,Apparel/Accessories,Catalog/Call Center,4/27/18,13:10:00,11,T-Shirt,$9.99 ,4,25,0,0,1,1,1,0,0,1,0,1,0,1,1,0,0,0,0,1,0,0,0,0,1,1,0,1,0,0,0,1,0,0,1,1,1,0,0,1,0,0,0,1,1,1,0,0,0,0,0,1,0,1,1,0,0,1,0,0,0,1,0,0,1,0,0,0,1,0,0,0,1,1,1,4,0,1,3,0,7,1,3,3,4,2,1
Fragrance.com,www.fragrancenet.com,$125M-$250M,Health/Beauty,Web Only,4/30/18,16:55:00,9,Lipstick,$11.99 ,0,24,1,0,0,1,1,1,1,0,0,1,0,1,1,0,0,0,0,0,0,1,0,0,0,1,0,0,1,0,0,0,0,0,1,0,0,0,0,1,1,0,1,0,1,1,0,0,0,0,0,1,0,0,0,0,0,1,0,0,0,0,0,0,1,1,0,0,1,0,0,0,1,0,1,0,1,0,1,1,7,1,2,2,6,2,1
Groupon Goods,www.groupon.com,1 billion+,Mass Merchant,Web Only,4/26/18,14:00:00,12,T-Shirt,$14.99 ,0,24,0,0,0,0,0,1,0,0,0,0,0,1,1,0,0,1,0,0,0,1,0,0,0,1,1,1,1,0,0,0,1,1,1,1,0,0,0,1,1,0,0,0,0,1,0,0,0,0,0,0,0,0,0,0,1,1,0,0,1,1,1,0,1,0,0,0,0,0,0,0,1,0,1,0,1,1,0,1,5,3,3,1,6,0,3
Sephora USA Inc.,www.sephora.com,$250M-$500M,Health/Beauty,Retail Chain,4/29/18,22:35:00,11,Eyeliner,$5.00 ,1,24,0,0,0,1,1,1,0,0,0,0,0,0,1,0,0,0,1,0,0,1,1,1,0,1,1,0,0,0,0,1,0,0,1,0,0,1,0,1,0,0,1,1,0,1,0,0,1,0,0,1,0,1,0,0,1,0,0,0,0,0,0,1,1,0,0,0,0,0,0,0,1,1,1,1,1,1,5,2,3,2,2,2,4,2,0
Musician's Friend Inc.,www.musiciansfriend.com,$500M-$1billion,Specialty,Catalog/Call Center,4/27/18,16:00:00,11,DVD,$6.95 ,2,24,1,1,0,0,1,1,0,0,0,1,0,0,1,0,1,0,1,0,0,0,0,1,0,1,1,1,1,0,0,0,0,0,1,0,0,1,0,1,0,0,0,0,0,0,1,1,0,1,0,1,0,1,0,0,0,1,0,0,0,1,0,0,1,0,0,0,1,0,0,0,1,1,0,2,0,1,2,1,7,1,1,1,5,3,2
Belk Inc.,www.belk.com,$500M-$1billion,Apparel/Accessories,Retail Chain,4/28/18,14:20:00,10,Earrings,$5.00 ,2,24,1,0,0,1,0,0,0,0,0,1,0,1,1,0,0,0,0,0,0,1,1,1,0,1,1,1,0,0,0,0,0,0,1,0,0,1,0,1,0,1,0,0,0,0,0,0,1,0,0,1,0,1,1,0,0,1,0,0,0,1,0,0,1,0,1,0,1,0,0,0,1,1,1,2,1,1,4,0,7,0,1,1,4,3,2
APMEX Inc.,www.apmex.com,1 billion+,Specialty,Web Only,4/27/18,12:40:00,9,Coin,$17.23 ,2,24,0,0,0,1,1,1,0,0,0,0,0,0,1,0,0,0,0,0,0,1,0,1,1,1,1,1,0,0,0,1,1,0,1,1,0,0,0,1,0,1,0,0,0,0,1,0,0,0,0,1,0,1,0,0,0,1,0,0,0,0,0,0,1,0,0,0,1,0,1,0,1,1,1,2,1,1,2,1,6,1,3,2,3,2,3
Lowe's Cos. Inc.,www.lowes.com,1 billion+,Hardware/Home,Retail Chain,4/26/18,13:45:00,11,Pillow,$19.98 ,3,24,0,1,0,0,1,1,1,0,0,0,0,0,0,0,1,0,0,1,0,0,1,1,0,1,1,1,0,0,0,0,0,0,1,1,0,0,0,1,0,0,0,1,0,1,0,0,1,1,1,1,0,0,0,0,0,1,0,0,0,1,0,0,1,0,1,0,1,0,0,0,1,1,0,3,0,2,4,0,4,0,3,1,4,5,1
Dell Inc.,www.dell.com,1 billion+,Mass Merchant,Consumer Brand Manufacturer,4/25/18,14:05:00,8,Laptop Case,$16.99 ,4,24,1,1,1,1,0,0,0,0,0,0,0,0,1,0,1,1,0,1,0,0,1,0,1,0,1,1,1,0,0,1,0,0,1,1,0,1,0,1,0,0,0,0,0,1,0,1,0,1,1,1,0,0,0,0,0,1,0,0,0,1,0,0,1,0,0,0,1,0,0,0,1,1,0,4,0,2,3,0,5,2,2,0,4,3,2
Walgreen Co.,www.walgreens.com,1 billion+,Food/Drug,Retail Chain,4/26/18,17:25:00,9,Mascara,$3.59 ,4,24,1,0,1,0,1,0,0,1,1,0,0,1,1,1,0,0,1,1,0,0,0,0,0,1,0,1,0,0,0,0,0,1,1,0,0,0,0,1,0,0,0,0,0,1,0,0,0,1,1,1,0,0,1,0,0,1,0,0,0,1,0,0,1,1,1,0,1,0,0,0,1,0,1,4,1,1,0,0,6,3,2,4,4,2,1
The Home Depot Inc.,www.homedepot.com,1 billion+,Mass Merchant,Retail Chain,4/25/18,13:05:00,7,Pillow,$18.36 ,4,24,0,1,1,1,1,1,1,0,0,1,0,0,1,0,1,1,0,0,0,0,0,1,0,1,1,1,0,0,0,1,0,0,1,0,0,0,0,1,0,0,0,0,0,1,0,0,0,1,1,1,0,0,0,0,0,1,0,0,0,1,0,0,1,0,1,0,0,0,0,0,1,1,1,4,0,1,2,0,5,2,2,2,4,5,1
Booking Group (Booking.com),Booking.com,NA,Travel,Web Only,5/3/18,12:45:00,7,hotel room,$199/d,0,23,1,0,0,1,1,1,0,0,0,0,0,0,1,0,1,0,0,0,1,1,1,0,0,0,0,0,0,0,0,1,0,1,1,1,0,0,1,1,1,0,0,0,1,0,0,1,1,0,0,0,0,0,0,0,0,1,0,0,1,0,0,0,1,1,0,0,0,0,0,0,0,0,0,0,1,0,3,0,4,4,1,1,7,1,0
MSC Industrial Supply,www.mscdirect.com,1 billion+,Hardware/Home,Catalog/Call Center,4/26/18,15:20:00,10,Tape,$1.34 ,2,23,0,1,0,1,1,1,1,0,0,1,0,1,0,0,0,1,0,1,0,0,1,1,0,1,0,1,0,0,0,0,1,0,1,0,0,1,0,0,0,0,0,0,0,0,0,0,0,1,0,1,0,1,0,0,0,1,0,0,0,1,0,0,1,0,0,0,0,0,1,0,1,1,1,2,0,1,4,0,5,1,2,2,3,3,2
Sweetwater,www.sweetwater.com,$500M-$1billion,Specialty,Catalog/Call Center,4/27/18,19:15:00,9,T-Shirt,$15.00 ,2,23,0,0,0,0,1,1,0,1,0,0,0,0,1,0,1,0,1,0,0,1,1,1,0,1,1,1,0,0,0,1,0,0,1,1,0,1,0,1,0,0,0,0,0,1,0,0,0,1,0,1,0,0,0,0,0,1,0,0,0,1,0,0,1,0,1,0,0,0,0,0,1,1,0,2,1,1,1,0,4,2,3,2,4,4,1
Estee Lauder,www.esteelauder.com,1 billion+,Health/Beauty,Consumer Brand Manufacturer,4/27/18,13:00:00,9,Mascara,$25.00 ,2,23,0,0,0,1,0,1,0,1,0,1,0,0,0,0,0,0,1,0,0,1,0,1,1,0,1,0,0,0,0,1,0,0,1,1,0,0,0,1,0,1,0,1,0,0,0,0,1,0,0,1,0,1,0,0,0,1,0,0,0,1,0,1,1,0,0,0,1,0,1,0,1,0,0,2,1,1,4,0,5,2,2,1,5,1,1
Kohl's Corp.,www.kohls.com,1 billion+,Apparel/Accessories,Retail Chain,4/25/18,15:25:00,8,Doll,$5.59 ,2,23,1,0,0,1,0,1,0,0,0,1,0,0,1,1,0,0,1,1,0,0,1,1,0,1,1,1,0,0,0,0,0,0,1,1,0,0,0,1,0,1,0,0,0,0,0,0,1,0,1,0,0,0,0,0,0,1,0,0,0,0,0,1,1,0,1,0,0,0,0,0,1,0,1,2,1,2,3,0,5,1,2,1,5,1,2
Advance Auto Parts Inc.,www.shop.advanceautoparts.com,$500M-$1billion,Automotive,Retail Chain,4/27/18,19:00:00,11,Car Cover,$12.99 ,3,23,1,0,0,0,0,1,0,1,0,0,0,1,1,0,0,1,0,0,0,1,1,0,1,0,0,1,1,0,0,0,1,0,1,0,0,1,0,1,0,0,0,0,0,0,0,0,1,0,1,1,0,0,1,1,0,1,0,0,0,1,0,0,1,0,1,0,0,0,0,0,1,1,1,3,1,0,2,0,5,1,0,2,6,3,3
Barnes & Noble Booksellers,www.barnesandNobel.com,$500M-$1billion,Books/Music/Video,Retail Chain,4/27/18,17:50:00,9,Book,$11.39 ,3,23,1,0,1,0,0,1,0,1,0,0,0,1,1,0,0,0,0,1,0,1,0,1,1,1,1,1,0,0,0,0,0,0,1,1,0,0,0,1,0,0,0,0,1,0,0,0,1,0,0,0,0,0,0,0,0,1,1,0,0,1,0,0,1,0,1,0,1,0,0,0,1,1,1,3,1,2,1,0,6,0,2,2,6,2,1
Tire Rack Inc.,www.tirerack.com,$250M-$500M,Automotive,Web Only,4/29/18,22:45:00,7,Tire,$67.73 ,3,23,0,0,1,0,0,0,0,1,0,0,0,0,1,0,0,0,0,1,0,1,1,0,1,1,1,1,0,1,0,0,0,1,1,1,0,1,0,1,0,0,1,0,0,0,0,0,0,1,0,1,0,0,0,0,0,1,0,0,0,1,0,0,1,0,1,0,1,0,1,0,1,1,0,3,1,2,1,1,5,1,3,1,3,3,2
Oriental Trading Co.,www.orientaltrading.com,$500M-$1billion,Flowers/Gifts,Catalog/Call Center,4/27/18,18:50:00,10,Holiday Decoration,$1.99 ,4,23,0,0,0,1,0,1,0,0,0,1,0,1,1,0,0,0,1,0,0,0,0,1,1,1,1,0,0,0,0,1,0,0,1,0,0,0,0,1,0,0,0,1,0,0,0,1,1,0,1,1,0,1,1,0,0,1,0,0,0,1,0,1,1,0,0,0,1,0,0,0,1,0,1,4,0,1,4,0,7,2,1,1,5,1,0
Gap Inc.,www.gap.com,1 billion+,Apparel/Accessories,Retail Chain,4/26/18,13:30:00,12,T-Shirt,$15.00 ,4,23,1,1,1,0,0,0,0,0,0,1,0,1,1,0,0,0,1,0,0,0,1,1,1,1,1,0,0,0,0,0,0,0,1,1,0,1,0,1,0,0,0,0,0,1,0,0,1,0,0,0,0,0,1,0,0,1,0,0,0,1,1,0,1,0,1,0,0,0,1,0,1,1,1,4,0,1,3,0,6,1,4,1,5,2,0
Wayfair Inc.,www.wayfair.com,1 billion+,Housewares/Home Furnishings,Web Only,4/25/18,15:00:00,10,Pillow,$9.99 ,4,23,0,0,1,1,1,1,1,0,0,0,0,0,1,0,0,0,0,1,0,0,1,1,0,0,1,1,1,1,0,0,0,0,1,1,0,0,0,1,0,0,0,0,0,1,0,0,0,1,1,1,0,1,0,0,0,1,0,0,0,1,0,0,1,0,0,0,1,0,0,0,1,1,0,4,0,2,3,0,5,0,2,1,4,3,3
Zazzle Inc.,www.zazzle.com,$125M-$250M,Mass Merchant,Web Only,4/30/18,13:30:00,12,Postcard,$0.95 ,4,23,0,0,1,1,1,1,1,0,0,1,0,1,1,0,0,0,0,0,0,0,0,1,0,1,1,1,1,0,0,0,0,0,1,1,0,0,0,1,0,0,0,0,0,0,0,0,1,1,0,0,0,0,1,0,1,1,0,0,1,1,0,1,1,0,0,0,0,0,0,0,1,1,0,4,0,1,2,1,6,1,2,1,5,2,2
QVC Group,www.qvc.com,1 billion+,Apparel/Accessories,Catalog/Call Center,4/25/18,14:50:00,11,Sunglasses,$12.42 ,5,23,1,0,1,1,0,1,0,0,0,0,0,1,1,0,1,0,0,0,0,0,0,1,1,1,1,1,1,0,0,0,0,0,1,1,0,0,0,1,0,0,0,1,0,1,0,0,1,0,1,1,0,0,1,0,0,1,0,0,0,1,0,0,1,0,0,0,1,0,1,0,1,0,0,5,0,1,3,0,6,0,4,0,5,2,2
J. Jill,www.jjill.com,$125M-$250M,Apparel/Accessories,Retail Chain,4/30/18,13:05:00,11,T-Shirt,$19.99 ,5,23,1,0,1,0,0,0,1,0,0,1,0,0,1,0,0,0,0,0,0,1,0,0,1,1,1,1,0,0,0,0,0,0,1,1,1,1,0,1,0,0,0,0,1,1,0,0,1,0,1,1,0,1,1,0,1,1,0,0,0,1,0,0,1,0,0,0,1,0,0,0,1,1,0,5,1,1,2,1,6,0,3,0,5,3,1
Petco Animal Supplies Inc.,www.petco.com,$250M-$500M,Specialty,Retail Chain,4/28/18,16:55:00,9,Dog Toy,$0.79 ,5,23,0,0,1,1,0,0,0,1,1,0,1,1,1,0,0,0,1,0,0,0,0,1,1,1,1,1,0,0,0,0,0,0,1,1,0,0,0,1,0,0,0,1,0,1,0,0,1,0,1,0,1,0,1,0,0,1,0,0,0,0,0,0,1,0,1,0,1,0,0,0,1,0,1,5,0,1,3,0,6,1,3,4,2,2,1
Pep Boys,www.pepboys.com,$250M-$500M,Automotive,Retail Chain,4/29/18,23:10:00,14,Floor Mat,$16.99 ,0,22,1,0,0,0,0,0,1,1,0,0,0,1,1,0,0,1,0,0,0,1,0,0,0,1,1,1,0,0,0,0,0,0,1,1,0,0,0,1,0,0,0,0,1,0,0,1,0,0,0,1,0,0,0,0,0,1,0,0,0,0,1,0,1,0,1,0,1,0,0,0,0,0,1,0,1,1,0,0,5,1,2,2,5,3,1
Tory Burch LLC,www.toryburch.com,$250M-$500M,Apparel/Accessories,Consumer Brand Manufacturer,4/29/18,20:40:00,9,Luggage Tag,$49.00 ,1,22,0,0,0,1,1,1,0,0,0,1,0,0,1,0,0,0,0,0,0,1,1,1,0,1,0,0,0,0,0,0,0,0,1,1,0,0,0,1,0,0,0,0,0,1,0,0,1,0,0,1,0,1,0,0,0,1,0,0,0,0,0,0,1,0,1,0,1,0,1,0,1,1,0,1,1,0,4,0,6,0,4,1,3,3,0
AutoZone Inc.,www.autozone.com,$250M-$500M,Automotive,Retail Chain,4/28/18,16:45:00,8,Tape,$8.99 ,1,22,0,1,0,0,0,0,0,1,0,0,0,0,1,0,0,0,1,1,0,0,0,0,0,1,1,0,0,0,0,0,0,0,1,0,0,1,0,1,0,1,0,1,0,0,0,0,0,1,0,1,0,0,0,0,0,1,0,1,0,1,0,0,1,0,1,0,1,0,1,0,1,1,1,1,0,2,2,0,5,1,2,2,4,3,1
AJ Madison Inc.,www.ajmadison.com,$125M-$250M,Housewares/Home Furnishings,Retail Chain,5/1/18,14:20:00,9,Toaster,$28.00 ,1,22,0,0,0,0,0,1,0,1,0,0,0,0,1,0,1,0,0,0,0,1,0,0,0,1,1,1,0,0,0,1,0,1,1,0,0,0,0,1,0,0,0,0,0,1,0,1,1,1,0,0,0,1,0,0,0,1,0,0,0,0,0,0,1,0,0,0,1,0,0,0,1,1,1,1,1,1,2,0,5,2,2,2,3,2,1
Dillard's Inc.,www.dillards.com,$250M-$500M,Mass Merchant,Retail Chain,4/30/18,12:15:00,10,Wallet,$9.80 ,1,22,0,0,0,1,1,0,1,0,0,0,0,0,1,0,0,0,1,0,0,1,0,1,0,1,1,0,0,0,0,0,0,1,1,1,0,1,0,1,0,0,0,0,0,1,0,0,1,0,0,1,0,1,0,0,0,1,0,0,0,1,0,0,1,0,0,0,1,0,0,0,1,1,0,1,1,1,3,0,5,2,3,1,3,3,0
Urban Outfitters Inc.,www.urba0utfitters.com,1 billion+,Apparel/Accessories,Retail Chain,4/26/18,17:35:00,10,Scarves,$10.00 ,2,22,0,0,1,1,1,0,0,0,0,0,0,0,1,0,0,1,1,0,0,1,0,1,0,1,1,1,0,0,0,0,0,0,1,1,0,0,0,1,0,0,0,0,0,1,0,0,1,0,0,1,0,1,0,0,0,1,0,0,0,1,0,0,1,0,1,0,0,0,0,0,1,0,1,2,1,1,3,0,4,2,3,2,3,2,1
Lamps Plus Inc.,www.lampsplus.com,$125M-$250M,Housewares/Home Furnishings,Retail Chain,4/30/18,16:10:00,12,Pillow,$19.95 ,2,22,0,1,0,1,0,1,0,0,0,0,0,0,1,0,0,0,0,0,0,0,1,1,0,1,0,1,0,0,0,1,0,1,1,0,0,0,0,0,0,0,0,0,0,1,0,1,1,0,1,0,0,1,0,0,0,1,0,0,0,1,0,0,1,1,0,0,1,0,0,1,1,0,1,2,0,0,5,0,5,3,3,1,3,0,1
Pier 1 Imports Inc.,www.pier1.com,$250M-$500M,Housewares/Home Furnishings,Retail Chain,4/29/18,20:30:00,9,Pillow,$7.98 ,2,22,0,1,1,1,0,0,0,0,0,1,0,1,1,0,0,0,1,0,0,0,0,1,0,1,1,1,0,0,0,0,0,0,1,1,0,0,0,1,0,0,0,0,0,0,0,0,1,0,0,0,0,0,0,1,0,1,0,0,0,0,0,1,1,0,1,0,1,0,0,0,1,1,1,2,0,1,3,0,7,1,2,1,4,2,1
Summit Racing Equipment,www.summitracing.com,$250M-$500M,Automotive,Catalog/Call Center,4/30/18,12:35:00,8,Sunglass Case,$10.00 ,3,22,0,0,0,1,1,0,0,0,0,0,0,0,0,0,1,0,1,1,0,0,0,1,0,1,1,1,0,0,0,0,0,0,1,0,0,1,0,1,0,1,0,0,0,0,0,0,0,1,1,1,0,0,0,0,0,1,0,0,0,1,1,0,1,1,1,0,1,0,0,0,1,1,1,3,0,2,1,0,4,2,1,2,4,4,2
Chico's FAS Inc.,www.chicos.com,$250M-$500M,Apparel/Accessories,Retail Chain,4/28/18,15:15:00,11,Glasses,$25.50 ,3,22,0,0,0,1,0,0,0,1,0,1,0,0,1,0,0,1,1,0,0,0,1,1,1,1,1,0,0,0,0,0,0,0,1,1,0,1,0,1,0,1,0,0,0,0,0,0,1,0,1,1,0,1,0,0,0,1,0,0,0,1,0,1,1,0,0,0,0,0,0,0,1,1,0,3,0,1,4,0,5,2,2,1,4,2,1
L.L. Bean Inc.,www.llbean.com,1 billion+,Apparel/Accessories,Catalog/Call Center,4/26/18,16:15:00,11,Socks,$14.99 ,4,22,1,0,0,1,0,1,0,0,0,0,0,0,1,0,0,0,0,0,0,0,0,1,1,1,1,1,0,0,0,0,0,0,1,0,0,0,0,1,0,1,0,0,0,1,0,0,1,0,1,0,0,1,1,0,0,1,0,0,0,1,0,1,1,0,1,0,1,0,0,0,1,1,1,4,0,1,3,0,5,0,2,1,6,2,2
Fossil Inc.,www.fossil.com,$125M-$250M,Jewelry,Consumer Brand Manufacturer,5/1/18,12:45:00,13,Bracelet,$28.00 ,4,22,0,0,1,1,1,1,1,0,0,1,0,0,1,0,0,0,0,0,0,0,1,0,1,1,0,0,0,0,0,0,0,0,1,0,0,0,0,1,0,0,0,0,0,0,0,0,1,0,1,1,0,1,1,0,0,1,0,0,0,1,0,1,1,0,1,0,1,0,0,0,1,1,1,4,0,0,4,0,6,0,1,2,5,4,0
Sears Holdings Corp.,www.sears.com,1 billion+,Mass Merchant,Retail Chain,4/25/18,15:35:00,8,Blocks,$9.99 ,4,22,0,1,1,0,0,0,0,1,1,0,0,1,1,0,1,1,0,1,0,0,1,1,0,1,1,1,0,0,0,0,0,0,1,0,0,0,0,1,0,0,0,1,0,0,0,0,0,1,1,1,0,0,0,0,0,1,0,0,0,1,0,0,1,0,0,0,1,0,0,0,1,0,1,4,0,2,3,0,6,1,1,3,3,2,1
Overstock.com Inc.,www.overstock.com,1 billion+,Mass Merchant,Web Only,4/26/18,15:00:00,11,Sunglasses,$6.50 ,4,22,0,0,0,1,1,0,0,0,0,1,0,0,1,0,1,0,0,1,0,0,1,1,1,1,1,0,1,0,0,0,1,0,1,1,0,0,0,1,0,0,0,0,1,0,0,0,0,0,1,1,0,1,1,0,0,1,0,0,0,1,0,0,1,0,0,0,0,0,0,0,1,1,0,4,0,2,3,0,5,0,2,1,4,3,2
Shutterfly Inc.,www.shutterfly.com,1 billion+,Flowers/Gifts,Web Only,4/27/18,12:50:00,9,Magnet,$3.99 ,5,22,0,0,1,1,0,0,0,0,0,1,0,1,1,0,0,0,0,0,0,1,0,1,1,0,1,1,0,0,0,0,0,0,1,0,1,0,0,1,0,0,0,1,1,0,0,0,1,0,0,0,0,0,1,1,0,1,0,0,0,1,1,1,1,0,1,0,0,0,1,0,0,1,1,5,1,1,3,0,5,0,1,1,7,2,1
Wal-Mart Stores Inc.,www.walmart.com,1 billion+,Mass Merchant,Retail Chain,4/24/18,15:55:00,7,Dog Toy,$5.59 ,6,22,1,1,1,1,0,1,0,0,0,0,0,0,1,0,0,0,1,1,0,0,0,1,1,1,1,1,0,0,0,0,0,1,1,1,0,0,0,1,0,0,0,0,0,0,0,0,1,1,1,0,0,0,1,0,0,1,0,0,0,1,0,0,1,0,1,0,0,0,0,0,1,1,1,6,0,2,3,0,4,2,2,1,5,2,1
The Orvis Co. Inc.,www.orvis.com,$125M-$250M,Apparel/Accessories,Catalog/Call Center,5/1/18,13:15:00,10,Dog Toy,$9.95 ,0,21,0,0,0,1,1,0,1,1,0,1,0,1,1,1,0,0,0,0,0,0,0,0,0,1,1,0,0,0,0,0,0,0,0,0,0,0,0,1,0,0,0,1,0,1,0,0,1,0,0,0,0,0,0,0,0,1,1,0,0,1,0,0,1,0,0,0,1,0,1,0,1,1,0,0,1,1,3,0,6,0,3,2,3,2,0
The Honest Company Inc.,www.honest.com,$250M-$500M,Health/Beauty,Consumer Brand Manufacturer,4/29/18,22:30:00,9,Lotion,$9.95 ,0,21,0,0,0,1,0,1,0,1,1,0,0,0,1,1,0,0,0,0,0,0,0,0,0,0,1,0,0,0,0,0,1,0,1,1,0,0,0,0,0,0,0,0,1,1,0,0,1,0,0,0,0,0,0,1,1,1,0,0,0,1,0,0,0,0,0,0,1,1,0,0,1,0,1,0,1,1,2,1,6,0,2,3,4,0,1
Avon Products Inc.,www.avon.com,$500M-$1billion,Health/Beauty,Catalog/Call Center,4/27/18,18:00:00,10,Necklace,$7.99 ,1,21,1,0,0,0,0,1,0,1,0,0,0,0,1,0,0,0,0,0,0,0,1,1,0,1,1,0,0,0,0,0,0,0,1,1,0,0,0,1,0,0,0,0,0,1,0,0,1,0,0,1,0,1,0,0,0,1,0,0,0,1,1,0,1,1,0,0,1,0,0,0,0,0,1,1,0,1,3,0,4,1,3,2,6,1,0
The Lakeside Collection,www.lakeside.com,$250M-$500M,Housewares/Home Furnishings,Catalog/Call Center,4/29/18,22:10:00,11,Puzzle,$2.99 ,1,21,0,0,0,0,0,0,0,0,0,1,0,0,1,0,0,1,1,0,0,0,0,0,0,1,1,1,0,0,0,1,0,0,1,1,0,0,0,1,0,0,0,0,0,1,0,0,1,1,0,0,0,1,0,1,0,1,0,0,0,1,0,0,1,0,0,0,1,0,0,0,1,0,1,1,0,1,2,0,6,3,3,1,4,0,1
The Men's Wearhouse Inc.,www.menswearhouse.com,$250M-$500M,Apparel/Accessories,Retail Chain,4/28/18,17:10:00,10,Shirt,$9.99 ,1,21,0,1,0,1,0,1,0,1,0,0,0,0,1,0,0,0,0,0,0,0,0,1,0,1,0,1,0,0,0,0,0,0,1,0,0,0,1,1,0,0,0,0,0,1,0,0,1,0,0,1,0,1,0,0,0,1,0,0,0,1,0,0,1,0,1,0,1,0,0,0,1,0,1,1,0,0,4,0,5,0,2,2,5,2,1
Abercrombie & Fitch Co.,www.abercrombie.com,$500M-$1billion,Apparel/Accessories,Retail Chain,4/27/18,16:20:00,11,T-Shirt,$15.00 ,1,21,0,0,0,0,0,0,0,1,0,1,0,1,1,0,0,0,0,0,0,0,0,1,0,1,1,1,0,0,0,0,0,0,1,1,0,1,0,1,0,0,0,0,0,1,0,0,1,0,0,1,0,1,0,0,0,1,0,0,0,0,0,1,1,0,1,0,0,0,0,0,1,1,1,1,0,1,2,0,6,0,3,2,3,3,1
CVS Caremark Corp.,www.cvs.com,$250M-$500M,Food/Drug,Retail Chain,4/28/18,16:35:00,7,Mascara,$7.99 ,2,21,0,0,0,1,0,0,0,1,0,0,0,0,1,0,0,1,1,1,0,1,0,0,0,0,1,1,0,0,0,0,0,0,1,1,0,0,0,1,0,0,0,0,0,1,0,0,0,0,1,1,0,0,1,0,0,1,0,0,0,0,0,0,1,0,1,0,1,0,0,0,1,1,1,2,1,2,1,0,5,2,2,2,2,3,1
Shoebuy,www.shoes.com,$250M-$500M,Apparel/Accessories,Web Only,4/28/18,16:00:00,10,Shoes,$14.95 ,2,21,1,1,0,0,1,1,0,0,0,0,0,1,1,0,0,1,0,0,0,0,0,1,0,1,0,1,0,0,0,0,0,0,1,1,0,0,0,1,0,0,0,0,0,1,0,1,0,0,1,1,0,1,0,0,0,1,0,0,0,1,0,0,1,0,0,0,1,0,0,0,1,0,0,2,0,0,2,0,6,1,3,1,5,1,1
JamesAllen.com,www.jamesallen.com,$250M-$500M,Jewelry,Web Only,4/29/18,22:55:00,9,Earrings,$427.00 ,2,21,0,0,0,0,0,1,0,0,0,1,0,1,1,0,0,0,0,0,0,1,0,1,0,1,1,1,0,0,0,0,0,0,1,0,0,0,0,1,0,0,0,0,0,0,0,0,1,0,1,0,0,1,0,0,1,1,0,0,0,1,1,1,1,0,0,0,1,0,0,0,1,1,0,2,1,1,2,1,7,0,1,0,6,1,1
The Children's Place,www.childrensplace.com,$250M-$500M,Apparel/Accessories,Retail Chain,4/28/18,17:00:00,11,Socks,$3.47 ,3,21,0,0,0,1,0,0,0,0,0,1,0,0,1,0,0,0,1,0,0,1,1,1,1,1,1,0,0,0,0,0,0,1,1,0,0,0,0,1,0,0,0,0,1,1,0,0,1,0,0,0,0,0,1,0,0,1,0,0,0,1,0,1,1,0,1,0,0,0,0,0,1,1,0,3,1,1,3,0,5,2,2,0,5,2,0
Crocs Inc.,www.crocs.com,$125M-$250M,Apparel/Accessories,Consumer Brand Manufacturer,5/3/18,13:55:00,12,Slippers,$19.99 ,4,21,0,0,0,0,0,1,1,0,0,1,0,0,1,0,0,0,0,0,0,0,0,0,1,1,0,0,0,0,0,0,0,0,1,1,1,1,0,1,0,0,0,1,1,1,0,0,1,0,1,0,0,1,1,0,0,1,0,0,0,1,0,1,1,0,0,0,1,0,0,0,1,1,1,4,0,0,3,0,6,0,3,1,6,2,0
The Talbots Inc.,www.talbots.com,$250M-$500M,Apparel/Accessories,Retail Chain,4/28/18,16:20:00,10,Slippers,$49.99 ,4,21,0,1,0,0,1,1,0,0,0,0,0,1,1,0,0,0,1,0,0,0,0,1,1,1,1,1,0,0,0,0,0,0,1,1,0,0,0,1,0,0,0,0,0,1,0,0,1,0,1,1,0,1,1,1,0,1,0,0,0,1,0,0,1,0,0,0,1,0,0,0,0,0,0,4,0,1,3,0,5,1,3,1,5,1,1
Chewy Inc.,www.chewy.com,$500M-$1billion,Specialty,Web Only,4/27/18,15:50:00,8,Cat Toy,$0.99 ,4,21,1,0,0,0,1,1,0,0,1,0,1,0,1,0,0,0,0,0,0,0,0,1,1,1,0,1,0,0,0,0,0,0,0,1,0,0,0,1,0,0,0,0,0,1,0,0,0,0,1,1,0,0,1,0,1,1,0,0,0,0,0,1,1,0,0,0,1,0,1,0,1,1,1,4,0,0,0,1,4,0,4,4,5,2,1
iHerb Inc.,www.iherb.com,$500M-$1billion,Food/Drug,Web Only,4/27/18,16:55:00,7,Chocolate,$2.70 ,6,21,0,0,0,1,1,1,0,1,0,0,0,1,1,0,0,0,0,0,0,0,1,1,1,1,1,1,0,0,0,0,0,0,1,1,1,0,0,1,0,0,0,0,1,1,0,0,0,1,1,1,0,0,1,0,0,1,0,0,1,1,0,0,1,0,0,0,1,0,0,0,0,0,0,6,0,1,2,0,5,1,3,2,5,1,1
OmahaSteaks.com Inc.,www.omahasteaks.com,$250M-$500M,Food/Drug,Catalog/Call Center,4/30/18,12:55:00,10,Steak,13.13,0,20,0,0,0,1,1,1,1,1,1,1,0,0,1,0,0,1,0,0,0,0,0,0,0,0,1,1,0,0,0,0,0,0,1,0,0,0,0,1,0,0,0,0,0,0,0,0,1,0,0,1,0,1,0,0,0,1,0,0,0,1,0,0,1,0,0,0,1,0,0,0,0,0,0,0,0,1,3,0,5,1,0,3,4,2,1
The Bon.Ton Stores Inc.,www.bonton.com,$125M-$250M,Apparel/Accessories,Retail Chain,4/30/18,14:45:00,9,Slippers,$17.60 ,1,20,0,0,0,1,1,0,0,0,0,0,0,0,1,0,0,0,1,0,0,0,0,1,0,1,0,0,0,0,0,0,0,1,1,1,0,0,0,1,0,0,0,0,0,1,0,0,1,0,0,1,0,1,0,0,0,1,0,0,0,1,0,0,1,0,1,0,1,0,0,0,1,0,1,1,0,0,3,0,5,2,3,2,3,2,0
Express Inc.,www.express.com,$250M-$500M,Apparel/Accessories,Retail Chain,4/28/18,15:55:00,11,Purse,$10.14 ,1,20,0,0,0,1,0,0,0,0,0,0,0,0,1,0,0,0,0,0,0,0,1,0,1,1,1,1,0,0,0,0,0,0,1,1,0,0,0,1,0,1,0,0,0,1,0,0,0,0,0,1,0,1,0,0,0,1,0,0,0,1,0,0,1,0,1,0,0,0,0,0,1,1,1,1,0,1,3,0,4,0,3,1,3,3,2
Rent the Runway Inc.,www.renttherunway.com,$125M-$250M,Apparel/Accessories,Web Only,5/3/18,13:40:00,8,Ring,$18.00 ,1,20,0,0,0,0,1,1,1,1,0,1,0,1,1,0,0,0,0,0,0,1,0,1,0,0,0,0,0,1,0,0,0,0,1,1,0,0,0,1,0,0,0,0,0,0,0,0,1,0,0,1,0,1,0,0,0,0,0,0,0,1,0,1,1,0,0,0,1,1,0,0,0,0,0,1,1,0,2,0,6,0,1,2,5,2,1
Booking Group (Priceline),priceline.com,NA,Travel,Web Only,5/3/18,12:55:00,7,hotel Room,$159/d,1,20,0,0,0,1,0,1,0,0,0,0,0,0,1,0,1,0,0,0,1,0,0,0,0,1,1,0,0,0,0,0,1,1,1,1,0,0,1,1,0,0,0,0,1,1,0,1,0,1,0,0,0,0,0,0,0,1,0,0,1,0,0,0,1,0,0,0,0,0,1,0,0,0,0,1,0,1,1,0,4,2,4,0,5,1,1
Levi Strauss & Co.,www.levi.com,$125M-$250M,Apparel/Accessories,Consumer Brand Manufacturer,4/30/18,18:45:00,10,T-Shirt,$14.98 ,2,20,0,1,0,0,0,0,0,0,0,1,0,1,1,0,0,1,0,0,0,0,1,0,1,1,1,0,0,0,0,0,0,0,1,1,0,0,0,1,0,0,0,0,0,1,0,0,1,0,0,1,0,1,1,0,0,1,0,0,0,0,0,1,1,0,0,0,0,0,0,0,1,0,1,2,0,1,4,0,6,1,3,1,3,1,0
GameStop Corp.,www.gamestop.com,1 billion+,Toys/Hobbies,Retail Chain,4/26/18,15:55:00,7,Game,$2.99 ,2,20,1,0,0,0,1,0,0,1,0,0,0,0,1,0,0,1,0,1,0,0,0,1,0,0,0,1,0,0,0,0,0,0,1,0,0,0,0,1,0,0,0,1,0,0,0,0,1,0,1,1,0,0,0,0,0,1,0,1,0,1,0,0,1,0,1,0,0,0,0,0,1,1,1,2,0,1,2,0,4,1,0,3,5,3,1
Crutchfield Corp.,www.crutchfield.com,$125M-$250M,Computers/Electronics,Catalog/Call Center,4/30/18,18:10:00,10,Camera Bag,$8.99 ,3,20,0,0,1,1,0,1,1,0,0,0,0,0,1,0,1,0,0,0,0,1,0,1,0,1,0,1,0,0,0,0,0,1,1,1,0,0,0,1,0,0,0,0,1,0,1,0,0,0,1,1,0,0,0,0,0,1,0,0,0,1,0,0,1,0,0,0,1,0,0,0,1,0,0,3,1,0,1,1,6,1,2,0,5,3,1
ModCloth Inc.,www.modcloth.com,$125M-$250M,Apparel/Accessories,Web Only,4/30/18,18:40:00,11,Belt,$5.97 ,3,20,0,0,0,1,0,0,1,1,0,1,0,0,1,0,0,0,0,0,0,0,0,1,1,1,0,0,0,0,0,0,0,1,1,1,0,1,1,1,0,1,0,0,0,1,0,0,1,0,0,0,0,0,1,0,0,1,0,0,0,1,0,0,1,0,0,0,0,0,0,0,1,1,1,3,0,0,2,0,5,1,3,2,4,2,1
Etsy Inc,www.estsy.com,1 billion+,Mass Merchant,Web Only,4/26/18,12:30:00,7,Necklace,$3.99 ,3,20,0,0,1,1,1,1,0,0,0,0,0,0,1,0,0,0,0,1,0,0,0,1,0,1,1,0,0,0,0,0,0,1,1,1,0,1,1,1,0,0,0,0,1,1,0,0,1,0,1,0,0,0,0,0,0,1,0,0,0,1,0,0,1,0,0,0,0,0,0,0,1,1,0,3,0,2,2,0,4,1,3,1,6,1,0
Under Armour Inc.,www.underarmor.com,1 billion+,Apparel/Accessories,Consumer Brand Manufacturer,4/26/18,16:40:00,11,Socks,$10.00 ,5,20,1,0,1,1,1,1,0,1,0,1,0,0,1,0,0,0,0,0,0,1,0,1,1,1,0,0,0,0,0,0,0,0,1,1,0,0,0,1,0,0,0,0,0,1,0,0,0,0,1,1,0,1,1,0,0,1,0,0,0,1,0,0,1,0,0,0,1,0,0,0,1,0,0,5,1,0,2,0,6,0,3,2,5,1,0
National Football League,http://www.nflshop.com/,$125M-$250M,Apparel/Accessories,Web Only,4/30/18,14:15:00,9,Toy,$2.99 ,0,19,0,1,0,0,0,1,0,0,0,1,0,0,1,0,0,0,0,1,0,0,0,0,0,1,1,1,1,0,0,0,0,1,1,0,0,0,0,0,0,0,0,0,0,0,0,0,1,0,0,0,0,0,0,0,0,1,0,1,1,1,0,0,0,0,0,0,1,0,0,0,1,1,0,0,0,2,2,0,6,2,1,0,3,1,2
Edible Arrangements,www.ediblearrangements.com,$250M-$500M,Flowers/Gifts,Retail Chain,4/29/18,19:50:00,12,Fruit Box,$19.00 ,1,19,0,0,0,0,1,1,1,1,0,1,0,0,1,0,0,0,0,0,0,0,0,0,0,0,0,1,0,0,0,1,0,0,1,0,0,0,0,1,0,0,0,0,1,1,0,0,1,0,1,1,0,0,0,0,0,1,0,0,0,1,0,0,1,0,1,0,1,0,0,0,0,0,0,1,0,0,1,0,5,1,1,2,5,3,1
Birchbox Inc.,www.birchbox.com,$125M-$250M,Health/Beauty,Web Only,5/1/18,15:55:00,10,Eyeliner,$5.00 ,1,19,0,1,0,0,0,0,1,0,0,1,0,0,1,0,0,0,1,0,0,1,0,1,0,1,0,0,0,0,0,0,0,0,1,1,0,0,0,1,0,0,0,0,1,1,0,0,1,0,0,1,0,1,0,0,1,0,0,0,0,0,0,1,1,0,0,0,0,0,0,0,0,0,1,1,1,0,3,1,3,1,3,1,4,2,0
Blue Nile Inc.,www.bluenile.com,$250M-$500M,Jewelry,Web Only,4/28/18,15:10:00,7,Necklace,$30.00 ,1,19,0,0,0,0,1,1,0,0,0,0,0,1,1,0,0,0,1,0,0,0,0,1,0,1,0,0,0,0,0,0,0,0,1,1,0,1,0,1,0,1,0,0,1,0,0,1,0,0,0,1,0,0,0,0,0,1,0,0,0,1,0,0,1,0,0,0,1,0,0,0,1,1,0,1,0,0,0,0,6,1,2,1,5,2,1
Patagonia,www.patagonia.com,$125M-$250M,Apparel/Accessories,Consumer Brand Manufacturer,4/30/18,17:45:00,10,DVD,$18.00 ,2,19,0,1,0,0,1,0,0,0,0,0,0,0,1,1,0,0,1,0,0,0,0,1,0,1,1,0,0,0,0,0,0,0,1,1,0,1,0,1,0,0,0,1,0,1,0,0,1,1,0,0,0,1,0,0,0,0,0,0,0,1,0,0,1,0,1,0,0,0,0,0,0,1,1,2,1,1,4,0,2,1,3,2,3,2,0
Aeropostale Inc.,www.aeropostale.com,$125M-$250M,Apparel/Accessories,Retail Chain,4/30/18,15:00:00,12,Watch,$13.25 ,2,19,0,0,0,1,0,0,0,1,0,1,0,0,1,0,0,0,1,0,0,0,0,1,1,1,0,0,0,0,0,0,0,0,1,0,0,1,0,1,0,0,0,0,0,1,0,0,1,0,0,1,0,1,0,0,0,1,0,0,0,1,0,0,1,0,0,0,0,0,1,0,1,1,1,2,0,0,3,0,5,1,3,2,3,2,0
Neiman Marcus,www.neimanmarcus.com,1 billion+,Apparel/Accessories,Retail Chain,4/26/18,15:45:00,10,Earrings,$38.00 ,2,19,0,0,1,1,0,0,0,0,0,1,0,0,1,0,0,0,0,0,0,0,1,1,0,1,1,0,0,0,0,0,0,0,1,1,0,1,0,0,0,0,0,1,0,1,0,0,1,0,0,1,0,1,0,0,0,1,0,0,0,1,0,0,0,1,1,0,0,0,0,0,1,1,0,2,0,1,5,0,5,1,3,0,1,3,0
IKEA.com,www.ikea.com,$125M-$250M,Housewares/Home Furnishings,Retail Chain,5/1/18,14:35:00,9,Pillow,$2.99 ,2,19,0,0,1,1,1,0,0,0,0,0,0,0,1,0,0,0,0,0,0,1,1,1,0,1,1,1,0,0,0,1,0,0,1,1,0,0,0,1,0,0,0,0,0,1,0,0,1,0,0,1,0,0,0,0,0,1,0,0,0,0,0,0,1,0,1,0,0,0,0,0,1,0,0,2,1,1,3,0,4,1,3,1,2,2,1
Revolve Clothing,www.revolve.com,$250M-$500M,Apparel/Accessories,Web Only,4/29/18,22:15:00,10,T-Shirt,$20.00 ,2,19,0,0,1,1,1,1,0,0,0,1,0,0,1,0,0,0,0,0,0,0,0,1,0,1,0,0,0,0,0,0,0,0,1,1,0,0,0,0,0,0,0,1,0,1,0,1,1,0,0,1,0,1,0,0,0,1,0,0,0,1,0,1,0,0,0,0,1,0,0,0,1,0,0,2,0,0,4,0,6,0,3,1,3,1,0
"Expedia, Inc. (Orbitz)",orbitz.com,NA,Travel,Web Only,5/3/18,12:15:00,8,Airfare,$323.00 ,2,19,0,0,0,0,1,1,1,1,0,0,0,1,1,0,0,1,0,1,0,0,0,1,0,0,1,1,0,0,0,0,1,1,1,0,1,0,0,0,1,0,0,0,1,0,0,0,0,0,0,0,0,1,0,0,0,1,0,0,1,0,0,0,1,0,0,0,0,0,0,0,0,0,0,2,0,2,1,0,4,3,0,2,4,1,2
Kate Spade,www.katespade.com,$250M-$500M,Apparel/Accessories,Consumer Brand Manufacturer,4/29/18,20:45:00,10,Necklace,$48.00 ,3,19,0,0,1,1,0,0,0,0,0,1,0,0,1,0,0,0,0,0,0,1,0,1,1,1,1,0,0,0,0,0,0,0,1,1,0,1,0,0,0,1,0,0,0,0,0,0,1,0,0,1,0,1,0,0,0,1,0,0,0,1,0,1,1,0,1,0,0,0,0,0,1,1,0,3,1,1,3,0,5,0,2,0,3,3,1
Brooks Brothers,www.brooksbrothers.com,$125M-$250M,Apparel/Accessories,Retail Chain,4/30/18,13:20:00,10,Socks,$12.50 ,3,19,0,0,0,1,0,0,0,1,0,0,0,0,0,0,0,1,0,0,0,0,0,1,1,1,1,1,0,0,0,0,0,0,1,0,0,1,0,1,0,0,0,0,0,1,0,0,1,0,0,0,0,0,1,0,0,1,0,0,0,1,0,1,1,0,1,0,1,0,0,0,1,1,1,3,0,1,2,0,4,1,2,2,4,2,1
Backcountry.com,www.backcountry.com,$500M-$1billion,Sporting Goods,Web Only,4/27/18,19:10:00,9,Scarf,$14.47 ,3,19,0,1,0,0,1,1,0,0,0,1,0,0,1,0,0,0,0,0,0,0,0,1,1,1,0,0,0,0,0,0,0,1,1,0,0,1,0,1,0,0,0,0,0,1,0,0,1,0,0,1,0,0,1,1,0,1,0,0,0,0,0,0,1,0,0,0,1,0,0,0,1,1,1,3,0,0,2,0,6,1,2,2,4,2,0
Nordstrom Inc.,www.shop.nordstrom.com,1 billion+,Apparel/Accessories,Retail Chain,4/25/18,15:15:00,9,Slippers,$24.00 ,4,19,0,0,1,1,0,1,0,0,0,0,0,0,1,1,0,0,0,0,0,1,1,1,1,1,1,1,0,0,0,0,0,0,0,1,0,0,0,1,0,1,1,0,0,1,0,0,1,0,0,0,0,0,1,0,0,1,0,0,0,0,0,0,1,0,1,0,0,0,0,0,1,0,0,4,2,1,3,1,3,0,3,0,3,1,2
HanesBrands Inc.,www.hanes.com,$125M-$250M,Apparel/Accessories,Consumer Brand Manufacturer,5/3/18,13:30:00,12,T-Shirt,$5.99 ,5,19,0,0,0,1,0,0,1,1,0,0,0,0,1,0,0,0,0,0,0,0,1,1,1,1,0,0,0,0,0,0,0,0,1,1,1,0,0,1,0,0,0,0,1,1,0,0,1,0,1,1,0,0,1,1,0,1,0,0,0,1,0,0,1,0,0,0,0,0,0,0,1,0,1,5,0,0,3,0,4,0,3,2,5,2,0
Duluth Trading Company,www.duluthtrading.com,$125M-$250M,Apparel/Accessories,Retail Chain,4/30/18,16:40:00,11,Sunglasses,$16.95 ,5,19,1,0,1,1,0,1,1,0,0,0,0,0,1,0,0,0,0,0,0,0,1,1,1,1,0,1,0,0,0,0,0,0,1,1,0,0,0,1,0,0,0,0,0,0,0,0,1,1,0,0,0,1,1,0,0,1,0,0,0,1,0,0,1,0,0,0,1,0,0,0,1,0,1,5,0,0,4,0,5,0,2,1,5,1,1
The Finish Line Inc.,www.finishline.com,$250M-$500M,Apparel/Accessories,Catalog/Call Center,4/28/18,17:20:00,10,Bracelet,$9.99 ,0,18,0,0,0,1,0,1,0,0,0,0,0,0,1,0,0,0,0,0,0,0,0,0,0,1,1,1,0,0,0,1,0,0,1,0,0,0,0,1,0,0,0,1,0,0,0,0,0,0,0,1,0,1,0,0,0,1,0,0,0,0,0,1,1,0,1,0,0,0,0,0,1,1,0,0,0,1,3,0,4,1,1,0,4,3,1
Signature Hardware,www.signaturehardware.com,$125M-$250M,Hardware/Home,Catalog/Call Center,5/1/18,15:25:00,10,Key,$17.95 ,1,18,1,0,0,1,1,0,1,0,0,0,0,0,0,0,0,0,0,0,0,0,0,0,0,1,1,0,0,0,0,0,0,0,1,1,0,0,0,1,0,0,0,0,0,1,0,0,1,1,0,0,0,1,0,0,0,0,0,0,0,1,0,0,1,0,0,0,1,0,0,0,1,1,1,1,0,1,3,0,3,0,3,2,4,2,0
Gander Mountain,www.ganderoutdoors.com,$125M-$250M,Sporting Goods,Catalog/Call Center,5/1/18,15:40:00,7,Socks,$19.99 ,1,18,1,0,0,0,0,0,0,0,0,1,0,1,1,0,0,1,1,1,0,0,1,0,0,1,1,1,0,0,0,0,0,0,1,0,0,0,0,1,0,0,0,0,0,0,0,0,1,0,1,0,0,0,0,0,0,0,0,0,0,0,0,0,1,0,1,0,0,0,0,0,1,0,1,1,0,2,2,0,5,2,1,1,3,1,1
Coach Inc.,www.coach.com,$125M-$250M,Apparel/Accessories,Consumer Brand Manufacturer,4/30/18,14:25:00,11,Charm,$25.00 ,1,18,0,0,0,1,0,1,0,0,0,0,0,0,1,0,0,0,0,0,0,1,1,1,0,1,0,0,0,0,0,0,0,0,1,0,0,1,0,0,0,1,0,0,0,1,0,0,1,0,0,1,0,1,0,0,0,1,0,0,0,1,0,0,1,0,1,0,0,0,0,0,1,1,0,1,1,0,4,0,4,0,2,0,3,3,1
The RealReal Inc.,www.therealreal.com,$125M-$250M,Apparel/Accessories,Web Only,4/30/18,18:25:00,9,Bracelet,$31.50 ,1,18,0,0,0,1,0,0,0,0,0,1,0,1,1,0,1,0,0,0,0,0,0,1,0,1,1,1,0,0,0,0,0,0,1,1,0,0,0,0,0,1,0,0,0,0,0,0,1,0,0,0,0,0,0,1,0,1,0,0,0,1,0,0,0,0,0,0,1,0,0,0,1,1,0,1,0,1,2,0,7,0,2,0,2,2,2
Disney Store USA LLC,www.shopdisney.com,$250M-$500M,Specialty,Web Only,4/29/18,20:15:00,9,Doll,$3.99 ,1,18,0,0,1,1,0,0,0,1,0,0,0,1,1,0,0,0,0,0,0,0,0,0,0,1,1,1,0,0,0,1,0,0,1,1,0,1,0,0,0,0,0,0,0,0,0,0,1,0,0,1,0,1,0,0,0,1,0,0,0,0,0,0,1,0,0,0,0,0,0,0,1,1,1,1,0,1,3,0,5,1,2,2,1,2,1
Cabela's Inc.,www.cabelas.com,$500M-$1billion,Sporting Goods,Catalog/Call Center,4/27/18,17:00:00,11,Slippers,$14.88 ,2,18,0,0,0,1,0,0,0,1,0,0,0,0,1,0,0,0,0,0,0,1,0,1,0,1,1,1,0,0,0,0,0,0,1,1,0,0,0,1,0,0,0,0,0,1,0,0,1,0,1,0,0,0,0,0,0,1,0,0,0,1,0,0,1,0,1,0,0,0,0,0,1,0,1,2,1,1,2,0,4,0,3,2,3,1,1
Foot Locker Inc.,www.footlocker.com,1 billion+,Apparel/Accessories,Retail Chain,4/27/18,14:20:00,10,T-Shirt,$9.99 ,2,18,0,1,0,1,0,0,0,0,0,0,0,0,1,0,0,0,0,0,0,0,0,1,0,1,0,0,0,0,0,0,0,0,1,1,0,0,0,0,0,0,0,1,0,1,0,0,0,0,1,1,0,1,0,0,0,0,0,0,0,1,1,1,1,0,1,0,1,0,0,0,1,0,1,2,0,0,4,0,4,0,3,1,4,2,0
Bass Pro,www.basspro.com,$250M-$500M,Sporting Goods,Retail Chain,4/29/18,20:55:00,7,T-Shirt,$9.97 ,2,18,0,0,0,1,0,1,0,1,0,0,0,0,1,0,0,0,0,1,0,1,0,1,0,1,1,0,0,0,0,0,0,0,0,1,0,0,0,1,0,0,0,0,0,1,0,0,1,0,1,0,0,0,0,0,0,1,0,0,0,0,0,0,1,0,1,0,1,0,0,0,1,0,1,2,1,2,2,0,4,0,3,2,3,1,0
Jomashop.com,www.jomashop.com,$250M-$500M,Jewelry,Web Only,4/30/18,12:45:00,11,Earrings,$42.48 ,3,18,0,0,0,1,0,1,1,0,0,0,0,0,1,0,0,0,0,0,0,0,0,1,0,1,0,1,0,0,0,0,0,0,1,1,0,1,0,0,1,0,0,0,0,0,0,0,1,1,1,1,0,1,0,0,0,1,0,0,0,1,0,0,1,0,0,0,1,0,0,0,1,1,0,3,0,0,3,0,5,0,2,0,4,3,1
Northern Tool & Equipment,www.northerntool.com,$250M-$500M,Hardware/Home,Catalog/Call Center,4/28/18,17:25:00,11,Birdhouse,$12.99 ,4,18,0,0,1,0,1,1,0,0,0,0,0,0,1,0,0,1,0,0,0,0,0,0,1,1,0,0,0,1,0,0,0,0,1,1,0,0,0,1,0,0,0,0,0,0,0,0,0,1,1,1,0,1,0,0,0,1,0,0,0,1,0,0,1,1,0,0,1,0,1,0,1,0,0,4,0,0,1,0,5,2,3,1,4,1,1
O'Reilly Auto Parts,www.oreillyauto.com,$125M-$250M,Automotive,Retail Chain,4/30/18,17:50:00,7,Battery,$8.99 ,0,17,0,0,0,0,0,0,0,0,0,0,0,1,1,0,0,1,0,0,0,1,0,0,0,0,1,1,0,0,0,0,0,0,1,0,0,0,0,1,0,1,0,0,0,0,0,0,0,0,0,1,0,0,0,0,0,1,0,0,0,1,0,0,1,1,1,0,0,0,0,0,1,0,1,0,1,1,0,0,5,2,0,1,3,2,2
MLB Advanced Media,www.mlbshop.com,$125M-$250M,Apparel/Accessories,Web Only,4/30/18,13:45:00,10,Hat,$9.99 ,0,17,0,1,0,0,0,1,0,0,0,1,0,1,1,0,0,0,0,1,0,0,0,0,0,1,0,1,1,0,0,0,0,0,0,1,0,1,0,0,0,0,0,0,0,1,0,0,1,0,0,0,0,0,0,0,0,1,0,0,0,0,0,0,0,0,0,0,1,0,0,0,1,1,1,0,0,1,2,0,6,0,3,1,1,1,2
Fanatics Inc.,www.fanatics.com,1 billion+,Apparel/Accessories,Web Only,4/26/18,16:00:00,14,T-Shirt,$21.99 ,0,17,0,1,0,0,0,1,0,0,0,0,0,0,1,0,0,0,1,0,0,1,0,0,0,1,0,1,1,0,0,0,0,1,1,0,0,1,0,0,0,0,0,0,0,1,0,0,1,0,0,0,0,0,0,0,0,1,0,0,0,0,0,0,0,0,0,0,1,0,0,0,1,1,1,0,1,0,2,0,5,2,2,1,1,1,2
Booking Group (RentalCars.com),Rentalcars.com,NA,Travel,Web Only,5/3/18,13:05:00,4,Car Rental,$23.01/d,0,17,0,0,0,0,1,1,0,0,0,0,0,0,0,0,1,0,0,1,1,1,0,0,0,0,1,0,0,1,0,0,0,0,1,0,0,0,0,1,0,0,0,0,1,0,0,1,0,0,0,1,0,0,0,0,1,0,0,0,1,0,0,0,1,0,0,0,1,0,0,0,0,0,0,0,1,2,0,1,3,1,0,1,4,2,1
CDW Corp.,www.cdw.com,1 billion+,Computers/Electronics,Catalog/Call Center,4/25/18,14:50:00,8,Pens,$1.99 ,1,17,0,1,0,0,0,1,0,0,0,1,0,0,1,0,0,0,0,0,0,0,0,1,0,1,0,1,0,0,0,0,0,0,1,1,0,0,0,1,0,0,0,0,1,0,0,0,1,0,0,1,0,0,0,0,0,1,0,0,0,1,0,0,1,1,0,0,1,0,0,0,0,0,0,1,0,0,2,0,5,1,2,0,5,1,1
Saatva Inc.,www.saatvamattresses.com,$125M-$250M,Housewares/Home Furnishings,Consumer Brand Manufacturer,5/1/18,13:10:00,8,Mattress,$599.00 ,1,17,0,0,0,0,1,1,0,0,0,0,0,0,0,0,1,0,1,0,0,1,0,0,0,0,0,0,0,0,0,0,0,0,0,1,0,0,0,1,1,0,0,0,1,1,0,0,0,1,0,1,0,0,0,0,0,0,0,0,0,1,0,0,1,0,0,0,1,1,1,0,1,0,0,1,1,0,0,0,3,1,3,1,6,2,0
FreshDirect LLC,www.freshdirect.com,$500M-$1billion,Food/Drug,Retail Chain,4/27/18,18:40:00,11,Coffee,$2.29 ,1,17,0,0,0,1,1,1,0,1,0,0,0,1,1,0,0,0,0,0,0,0,1,1,0,1,1,1,0,0,0,0,0,0,0,0,0,0,0,0,0,0,0,0,0,0,0,0,1,0,0,0,0,0,0,0,1,1,0,0,0,1,1,0,1,0,0,0,0,1,0,0,0,0,0,1,0,1,3,1,4,0,1,2,4,0,1
Amway,www.amway.com,1 billion+,Health/Beauty,Web Only,4/26/18,18:05:00,9,Eyeliner,$20.85 ,1,17,0,0,0,1,0,1,0,1,0,0,0,0,0,1,0,0,0,1,0,1,0,1,0,1,0,1,0,0,0,1,0,0,0,0,0,0,0,0,0,0,0,0,0,1,0,0,1,0,0,1,0,1,0,0,0,1,0,0,0,0,0,0,0,0,0,1,1,0,0,0,0,0,1,1,3,1,3,0,2,1,2,2,1,1,1
Menards,www.menards.com,$125M-$250M,Hardware/Home,Retail Chain,5/1/18,13:00:00,9,Seeds,$0.88 ,2,17,1,1,0,0,1,1,1,0,0,0,0,0,1,0,1,0,0,0,0,0,0,1,0,1,1,1,0,0,0,0,0,0,1,0,0,0,0,0,0,0,0,1,0,0,0,0,0,1,0,1,0,0,0,0,0,1,0,0,0,1,0,0,0,0,1,0,0,0,0,0,1,0,0,2,0,1,2,0,4,0,1,1,3,4,1
Sears Hometown/Outlets,www.searshometownstores.com,$250M-$500M,Hardware/Home,Retail Chain,4/29/18,21:45:00,8,Patio Furniture,$24.99 ,2,17,0,0,0,0,1,0,0,1,0,0,0,0,1,0,1,0,1,0,0,0,0,1,0,1,1,1,0,0,0,0,0,0,1,0,0,0,0,0,0,0,0,0,0,0,0,0,0,1,0,1,0,0,0,0,0,1,0,0,0,1,0,0,1,1,0,0,1,0,0,0,1,0,1,2,0,1,0,0,5,2,1,3,2,2,1
W.W. Grainger Inc.,www.grainger.com,1 billion+,Hardware/Home,Retail Chain,4/25/18,14:05:00,8,Pens,$1.38 ,2,17,1,1,0,0,1,0,1,0,0,0,0,0,1,0,0,1,0,0,0,0,0,1,0,1,1,1,0,0,0,0,0,0,1,0,0,0,0,0,0,0,0,0,0,0,0,0,0,1,0,1,0,1,0,0,0,1,0,0,0,1,0,0,1,0,1,0,0,0,0,0,1,0,0,2,0,1,2,0,4,1,1,1,3,3,1
Crate and Barrel,www.crateandbarrel.com,$500M-$1billion,Housewares/Home Furnishings,Retail Chain,4/27/18,18:30:00,9,Plant,$19.95 ,2,17,0,1,0,1,0,0,0,0,0,1,0,0,1,0,0,0,0,0,0,0,0,1,1,1,1,1,0,0,0,0,0,0,0,1,0,0,0,1,0,0,0,0,0,0,0,0,1,0,0,0,0,1,0,0,0,1,0,0,0,1,0,1,1,0,1,0,0,0,0,0,1,0,0,2,0,1,4,0,4,0,2,0,4,1,1
American Girl LLC,www.americangirl.com,$250M-$500M,Toys/Hobbies,Catalog/Call Center,4/29/18,21:30:00,11,Book,$3.00 ,3,17,0,0,1,1,0,0,0,1,0,0,0,0,1,0,0,0,0,0,0,0,1,0,1,1,0,0,0,0,0,1,0,0,1,1,1,0,0,1,0,0,0,0,1,0,0,0,1,0,0,1,0,1,0,0,0,1,0,0,0,1,0,0,1,0,0,0,0,0,0,0,0,1,0,3,0,0,4,0,3,1,2,1,4,2,0
Bonobos,bonobos.com,$125M-$250M,Apparel/Accessories,Consumer Brand Manufacturer,5/3/18,14:00:00,11,Pocket Square,$30.00 ,0,16,0,0,0,0,0,0,1,1,0,1,0,1,1,0,0,0,0,0,0,0,0,0,0,1,1,1,0,0,0,0,0,0,1,1,0,0,0,0,0,0,0,0,0,1,0,0,0,0,0,1,0,1,0,0,1,1,0,0,0,0,0,0,0,0,0,0,0,0,0,0,1,0,0,0,0,1,1,1,6,0,3,1,0,2,1
Bluefly Inc.,www.bluefly.com,$125M-$250M,Apparel/Accessories,Web Only,5/3/18,13:50:00,12,Eyeshadow,$5.99 ,0,16,0,0,0,1,0,0,1,0,0,0,0,0,1,0,1,1,0,1,0,0,1,0,0,1,0,1,0,1,0,0,0,0,1,0,0,0,0,0,0,0,0,0,1,0,0,0,1,0,0,0,0,0,0,0,1,1,0,0,0,0,0,0,0,0,0,0,0,0,0,0,1,0,0,0,0,1,3,1,4,1,1,0,1,2,2
HP Home & Home Office Store,store.hp.com,1 billion+,Computers/Electronics,Consumer Brand Manufacturer,4/27/18,12:30:00,7,LTablet Case,$8.99 ,1,16,0,0,0,0,1,0,0,0,0,0,0,0,1,0,1,0,0,1,0,0,0,0,0,1,0,1,0,0,0,0,0,1,1,0,0,1,0,1,0,0,0,0,0,0,0,0,0,1,0,1,0,0,0,0,0,1,0,0,0,0,0,0,1,1,0,0,1,0,0,0,1,1,0,1,0,1,0,0,5,2,1,1,2,3,1
1Sale,www.1sale.com,$250M-$500M,Mass Merchant,Web Only,5/1/18,1:40:00,11,Belt,$7.99 ,1,16,0,0,0,1,0,0,0,0,0,0,0,1,1,0,0,1,0,1,0,0,0,0,0,0,0,1,1,0,0,0,1,0,1,1,0,0,0,1,0,0,0,0,0,0,0,0,0,1,0,0,0,0,0,0,0,1,0,0,0,1,0,0,1,0,0,0,1,0,0,0,0,1,0,1,0,1,1,0,5,1,1,0,3,1,3
Eddie Bauer LLC,www.eddiebauer.com,$250M-$500M,Apparel/Accessories,Retail Chain,4/28/18,15:25:00,12,Socks,$10.00 ,2,16,0,0,0,0,1,0,0,0,0,0,0,1,0,0,0,0,0,0,0,0,0,1,1,1,0,1,0,0,0,0,0,0,1,0,0,1,0,1,0,0,0,1,0,1,0,0,1,0,0,1,0,0,0,0,0,1,0,0,0,0,0,1,1,0,0,0,1,0,0,0,1,1,0,2,0,0,2,0,5,0,2,1,3,2,1
DSW Inc.,www.dsw.com,$250M-$500M,Apparel/Accessories,Retail Chain,4/30/18,12:25:00,7,Slippers,$9.98 ,2,16,0,0,0,0,0,0,0,1,0,1,0,0,1,0,0,0,0,0,0,1,1,0,1,0,1,0,0,0,0,0,0,0,1,1,0,0,0,1,0,0,0,0,0,1,0,0,1,0,0,0,0,0,1,0,0,1,0,0,0,0,0,1,1,0,1,0,0,0,0,0,0,0,1,2,1,1,2,0,4,0,2,2,3,1,0
Costco Wholesale Corp.,www.costco.com,1 billion+,Hardware/Home,Retail Chain,4/25/18,13:40:00,7,Pens,$7.99 ,2,16,0,0,0,1,0,0,0,1,0,0,0,0,1,0,0,0,0,1,0,1,0,1,0,1,1,1,0,0,0,1,0,0,1,0,0,0,0,1,0,0,0,0,0,0,0,0,1,1,0,0,0,0,0,0,0,0,1,0,0,1,0,0,1,0,0,0,0,0,0,0,1,1,0,2,1,2,2,0,3,1,1,1,3,1,1
Monoprice Inc.,www.monoprice.com,$125M-$250M,Computers/Electronics,Web Only,5/1/18,14:30:00,7,Mouse Pad,$6.89 ,2,16,0,0,0,0,1,0,0,0,0,0,0,0,1,0,0,0,0,1,0,0,0,1,0,1,0,1,0,0,0,0,0,0,1,1,0,0,0,1,0,1,0,0,0,0,0,0,0,0,1,1,0,0,0,0,0,1,0,0,0,1,0,0,1,1,0,0,0,0,0,0,1,0,1,2,0,1,0,0,4,1,2,2,3,1,2
Power Equipment Direct Inc.,www.powerequipmentdirect.com,$125M-$250M,Hardware/Home,Web Only,4/30/18,18:55:00,6,Door Seal,$4.13 ,2,16,0,0,0,1,0,1,0,0,0,0,0,0,1,0,0,0,0,0,0,1,0,0,0,1,1,1,0,0,0,0,0,1,1,0,0,0,0,1,1,0,0,0,0,0,0,0,0,1,1,1,0,0,0,0,0,0,0,0,0,0,0,0,1,0,0,0,1,0,0,0,1,0,1,2,1,1,1,0,4,1,1,1,4,1,1
123Stores Inc.,http://123stores.com/,$125M-$250M,Mass Merchant,Web Only,5/1/18,15:30:00,9,Lotion,$12.18 ,2,16,0,0,0,0,0,1,1,1,0,0,0,0,1,0,1,0,0,0,0,0,0,1,0,1,0,1,0,0,0,0,0,0,1,0,0,0,0,0,0,0,0,0,0,0,1,0,0,1,0,1,0,0,0,0,1,1,0,0,0,0,0,0,1,1,0,0,1,0,0,0,1,0,0,2,0,0,0,2,6,1,1,1,2,3,1
Columbia Sportswear Co.,www.columbia.com,$125M-$250M,Apparel/Accessories,Retail Chain,4/30/18,14:40:00,11,Socks,$10.50 ,3,16,0,0,0,0,0,1,0,0,0,0,0,0,1,0,0,0,0,0,0,0,0,1,1,1,0,0,0,0,0,0,0,0,1,0,1,0,0,1,0,0,0,0,0,1,0,0,1,0,0,1,0,1,0,0,0,1,0,0,0,1,1,1,1,0,0,0,0,0,1,0,1,0,0,3,0,0,2,0,4,0,3,0,6,1,0
GNC Holdings Inc.,http://www.gnc.com/,$125M-$250M,Health/Beauty,Retail Chain,4/30/18,18:00:00,8,Vitamin,$9.99 ,4,16,0,0,0,0,0,1,0,1,1,0,0,0,1,0,0,0,0,0,0,0,0,1,1,1,0,0,0,0,0,1,0,0,1,1,0,1,0,1,0,0,0,0,0,0,0,0,0,0,1,0,0,0,1,0,0,1,0,0,1,1,0,0,1,0,0,0,0,0,0,0,1,1,1,4,0,0,0,0,4,2,2,3,4,1,0
Nutrisystem Inc.,www.nutrisystem.com,$250M-$500M,Food/Drug,Catalog/Call Center,4/29/18,22:50:00,8,Basic Plan,$10.18/d,0,15,0,0,0,0,1,1,0,0,1,0,0,0,1,0,0,0,0,0,0,1,0,0,0,0,0,0,0,0,0,0,1,0,1,0,0,0,0,0,0,1,1,0,1,0,0,0,0,0,0,1,0,0,0,1,1,0,0,0,0,0,0,0,0,0,0,0,1,0,0,0,1,0,0,0,1,0,0,2,4,0,0,2,3,1,2
Nike Inc.,www.nike.com,1 billion+,Apparel/Accessories,Consumer Brand Manufacturer,4/26/18,16:55:00,12,T-Shirt,$14.97 ,0,15,0,0,0,1,0,1,0,0,0,0,0,0,1,0,0,0,0,0,0,0,0,0,0,1,0,0,0,0,0,0,0,0,1,1,0,0,0,1,0,0,0,0,0,1,0,0,1,0,0,0,0,0,0,0,0,1,0,0,0,0,0,0,1,0,0,0,1,0,0,0,1,1,1,0,0,0,2,0,5,0,3,1,3,1,0
Beachbody LLC,www.beachbody.com,$125M-$250M,Health/Beauty,Consumer Brand Manufacturer,4/30/18,14:20:00,6,Workout Gear,$14.95 ,0,15,0,0,0,0,0,1,0,0,0,0,0,0,0,0,0,0,0,0,0,1,0,0,0,1,0,0,0,0,0,0,0,0,1,0,0,0,0,1,0,0,0,0,1,0,0,0,0,0,0,1,0,1,0,0,0,0,0,1,0,1,0,0,1,0,0,0,1,1,0,0,1,1,0,0,1,0,1,0,4,0,1,0,6,2,0
Focus Camera Inc.,www.focuscamera.com,$125M-$250M,Computers/Electronics,Retail Chain,5/1/18,14:15:00,8,Camera Case,$2.29 ,0,15,0,0,0,0,1,0,1,0,0,0,0,0,0,0,0,0,0,0,0,0,0,0,0,1,1,1,0,0,0,0,0,0,1,0,0,0,0,1,0,1,0,0,1,0,0,0,0,0,0,1,0,0,0,0,0,1,1,0,0,0,0,0,1,0,0,0,1,0,0,0,1,1,0,0,0,1,0,0,4,0,1,1,3,3,2
RockAuto LLC,www.rockauto.com,$125M-$250M,Automotive,Web Only,4/30/18,16:00:00,7,Light,$18.11 ,0,15,0,0,0,0,0,0,1,1,0,0,0,0,1,0,0,0,1,0,0,0,0,0,0,1,0,1,0,0,0,0,0,0,1,1,0,0,0,0,0,0,0,0,1,0,0,0,0,0,0,1,0,0,0,0,0,1,0,0,0,1,0,0,0,1,0,0,1,0,0,0,1,0,0,0,0,0,0,0,5,2,2,1,2,2,1
FTD,www.ftd.com,$250M-$500M,Flowers/Gifts,Web Only,4/29/18,21:10:00,10,Flowers,$29.99 ,0,15,0,0,0,0,0,1,0,0,0,0,0,0,1,0,0,0,0,0,0,0,1,0,0,1,0,1,0,0,0,0,1,0,1,1,0,0,0,0,0,0,0,0,0,1,0,0,1,0,0,0,0,1,0,0,0,1,1,0,0,0,0,0,0,0,0,0,1,0,1,0,0,1,0,0,0,0,3,0,4,0,4,0,1,1,2
Keurig Green Mountain Inc.,www.keurig.com,$250M-$500M,Food/Drug,Catalog/Call Center,4/28/18,15:40:00,9,Coffee,$7.49 ,1,15,0,0,1,0,1,0,0,0,1,0,0,0,1,0,0,0,0,0,0,0,0,0,0,1,1,0,0,0,0,0,0,0,1,1,0,1,0,0,0,0,0,0,0,0,0,0,1,0,0,1,0,1,0,0,0,0,0,0,0,0,0,0,1,1,0,0,0,0,0,0,1,1,1,1,0,1,2,0,3,1,2,3,1,2,0
Zumiez Inc.,www.zumiez.com,$125M-$250M,Apparel/Accessories,Consumer Brand Manufacturer,5/3/18,13:35:00,9,Slippers,$4.49 ,1,15,0,0,0,1,0,0,1,1,0,0,0,0,1,0,0,0,0,0,0,0,0,1,0,1,1,0,0,0,0,0,0,0,1,1,0,0,0,0,0,0,0,0,0,0,0,0,1,0,0,0,0,1,0,0,0,1,0,0,0,1,0,0,0,0,1,0,0,0,0,0,1,0,1,1,0,1,3,0,4,0,2,2,1,2,0
Warby Parker,www.warbyparker.com,$125M-$250M,Health/Beauty,Consumer Brand Manufacturer,4/30/18,18:05:00,7,Sunglasses,$95.00 ,1,15,0,0,0,0,1,0,0,0,0,0,0,0,0,1,0,0,0,0,0,1,1,1,0,0,1,0,0,0,0,0,0,0,1,1,0,0,0,0,0,0,1,0,0,1,0,0,1,0,0,1,0,0,0,0,0,0,0,0,0,0,0,0,0,1,0,0,0,1,0,0,1,1,0,1,2,1,2,1,3,1,2,1,0,2,0
Barneys New York Inc.,www.barneys.com,$125M-$250M,Apparel/Accessories,Retail Chain,4/30/18,14:35:00,8,Brow Pencil,$15.00 ,1,15,0,0,0,1,1,0,1,0,0,0,0,0,0,0,0,0,1,0,0,1,0,1,0,1,1,0,0,1,0,0,0,0,1,0,0,1,0,0,0,1,0,0,0,1,0,0,1,0,0,0,0,0,0,0,0,0,0,0,0,0,0,0,0,0,0,0,1,0,0,0,1,1,0,1,1,1,2,0,3,1,2,1,0,2,2
PetMed Express Inc.,www.1800petmeds.com,$125M-$250M,Specialty,Catalog/Call Center,4/30/18,16:25:00,7,Toy,$3.50 ,2,15,0,0,0,0,1,1,1,0,0,1,0,1,1,0,0,0,0,0,0,0,0,0,0,1,0,1,1,0,0,0,0,0,0,0,0,0,0,1,0,0,0,0,0,0,0,0,0,1,1,1,0,0,0,0,0,0,0,0,0,0,0,1,1,0,0,0,0,0,1,0,0,0,1,2,0,0,0,0,3,0,2,2,4,2,2
"Expedia, Inc. (Homeaway)",Homeaway.com,NA,Travel,Web Only,5/3/18,12:40:00,5,Lodging,$175/d,3,15,0,0,0,1,1,1,0,0,0,0,0,0,0,0,0,0,0,1,0,0,0,1,1,1,1,0,0,0,0,0,1,0,1,1,0,0,0,1,0,0,0,0,1,0,0,0,0,0,0,0,0,0,1,0,0,0,0,0,1,1,0,0,1,0,0,0,0,0,1,0,0,0,0,3,0,2,1,0,1,1,3,1,5,0,1
Palmetto State Armory,http://palmettostatearmory.com/,$125M-$250M,Sporting Goods,Retail Chain,4/30/18,17:35:00,9,Hat,$14.99 ,5,15,1,1,0,0,0,1,0,0,0,0,0,0,1,0,0,0,0,0,0,1,0,1,1,1,0,1,0,0,0,0,0,0,1,0,0,0,0,1,0,0,0,0,0,0,0,0,0,1,1,1,0,0,1,0,0,1,0,0,0,1,0,0,1,1,0,0,1,0,0,0,0,0,0,5,1,0,1,0,4,1,1,0,5,1,1
Scholastic Inc.,shop.scholastic.com,$250M-$500M,Books/Music/Video,Catalog/Call Center,4/28/18,14:50:00,8,Book,$2.79 ,0,14,0,0,0,1,0,1,0,1,0,0,0,0,1,0,0,0,0,0,0,0,0,0,0,0,1,0,0,0,0,0,0,0,0,0,0,0,0,0,0,0,0,0,0,0,0,0,1,0,0,1,0,1,0,0,0,1,0,0,0,1,0,0,0,1,0,0,0,0,0,0,1,1,1,0,0,1,3,0,3,1,0,2,2,2,0
Ralph Lauren Media LLC,www.ralphlauren.com,$500M-$1billion,Apparel/Accessories,Consumer Brand Manufacturer,4/27/18,16:50:00,9,T-Shirt,$22.50 ,0,14,0,0,0,0,0,0,0,0,0,0,0,1,1,0,0,0,0,0,0,1,1,0,0,1,0,0,0,0,0,0,0,0,1,1,0,0,0,0,0,0,0,0,0,1,0,0,1,0,0,0,0,0,0,0,0,1,0,0,0,1,0,0,0,0,1,0,0,0,0,0,1,0,1,0,1,0,2,0,5,0,3,1,1,1,0
PC Connection Inc.,www.connection.com,$500M-$1billion,Computers/Electronics,Catalog/Call Center,4/27/18,15:30:00,10,DVD,$3.40 ,1,14,0,0,0,0,0,1,0,0,0,0,0,0,1,0,0,0,0,0,0,0,0,1,0,1,1,1,0,0,0,1,0,0,1,0,0,1,0,0,0,0,0,0,0,0,1,0,1,0,0,1,0,1,0,0,0,1,0,0,0,1,0,0,0,0,0,0,0,0,0,0,0,1,0,1,0,1,2,1,4,1,1,0,2,2,1
CustomInk,www.customink.com,$250M-$500M,Apparel/Accessories,Web Only,4/29/18,21:00:00,9,T-Shirt,$20.87 ,1,14,0,0,0,0,1,0,0,1,0,0,0,0,0,0,0,0,0,0,0,0,0,0,0,1,0,0,0,0,0,0,0,0,1,1,0,0,0,1,0,0,0,0,1,1,0,0,0,1,0,1,0,0,0,0,1,0,0,0,0,1,0,0,1,0,0,0,0,0,1,0,0,1,0,1,0,0,0,1,1,0,4,2,4,2,0
Art.com Inc.,www.art.com,$250M-$500M,Housewares/Home Furnishings,Web Only,4/29/18,21:55:00,8,Blanket,$27.65 ,1,14,0,0,0,1,0,1,0,0,0,1,0,1,1,0,0,0,0,0,0,0,0,1,0,1,0,1,0,0,0,0,0,0,1,0,0,0,0,0,0,0,0,0,0,0,0,0,1,0,0,0,0,0,0,0,0,1,0,0,0,1,0,0,0,0,0,0,1,0,0,1,1,0,0,1,0,0,2,0,7,0,2,0,2,0,1
JM Bullion Inc.,www.jmbullion.com,$500M-$1billion,Specialty,Web Only,4/27/18,18:10:00,7,Coin,$0.99 ,1,14,1,0,0,0,0,1,0,0,0,0,0,0,0,0,0,1,0,0,0,0,0,0,0,0,0,1,0,0,0,1,0,0,1,1,0,0,0,1,0,0,0,0,1,0,0,0,0,0,0,1,0,0,1,0,0,1,0,0,0,0,0,0,1,0,0,0,1,0,0,0,0,1,0,1,0,0,0,0,3,2,1,0,5,2,1
W.B. Mason Co. Inc.,www.wbmason.cm,$500M-$1billion,Office Supplies,Retail Chain,4/27/18,14:25:00,9,Coffee,$15.99 ,2,14,0,0,0,1,0,0,0,1,0,0,0,0,1,0,0,0,0,1,0,1,0,1,0,1,0,1,0,1,0,0,1,0,1,0,0,0,0,0,0,0,0,0,0,0,0,0,1,1,0,1,0,0,0,0,1,1,0,0,0,0,0,0,0,0,0,0,0,0,0,0,0,0,0,2,1,1,2,1,3,0,1,1,0,1,3
Lakeshore Learning,www.lakeshorelearning.com,$125M-$250M,Toys/Hobbies,Retail Chain,5/1/18,15:45:00,8,Book,$6.99 ,2,14,0,0,0,1,1,1,1,0,0,0,0,0,1,0,0,0,0,0,0,0,0,1,1,1,1,0,0,0,0,0,0,0,1,0,0,0,0,1,0,0,0,0,0,0,0,0,0,0,0,0,0,0,0,0,0,1,0,0,0,1,0,0,1,0,0,0,1,0,1,0,0,0,0,2,0,1,1,0,4,0,2,1,4,1,0
adidas AG,www.adidas.com,1 billion+,Apparel/Accessories,Consumer Brand Manufacturer,4/27/18,14:10:00,6,Socks,$7.00 ,4,14,1,0,0,1,1,1,0,0,0,1,0,0,1,0,0,0,1,0,0,0,0,1,1,1,0,0,0,0,0,0,0,0,1,0,0,0,0,1,0,0,0,0,0,0,0,0,1,1,0,0,0,0,1,0,0,0,0,0,0,0,0,0,1,0,0,0,1,0,0,0,1,0,0,4,0,0,2,0,5,1,1,1,4,0,0
1.800.Flowers.com Inc.,www.1800flowers.com,$500M-$1billion,Flowers/Gifts,Catalog/Call Center,4/27/18,16:10:00,7,Flowers,$24.99 ,0,13,0,0,0,0,0,1,0,0,0,0,0,1,1,0,0,0,0,1,0,0,0,0,0,0,1,1,0,0,0,0,1,0,1,1,0,0,0,0,0,1,0,0,0,0,0,0,1,0,0,0,0,0,0,0,0,1,1,0,0,0,0,0,0,0,0,0,0,0,0,0,0,1,0,0,0,2,1,0,4,0,1,0,1,1,3
Restoration Hardware,www.restorationhardware.com,1 billion+,Housewares/Home Furnishings,Retail Chain,4/27/18,14:00:00,9,Pillow,$44.00 ,1,13,0,0,0,0,1,0,1,0,0,0,0,0,1,0,1,0,0,0,0,0,0,1,0,1,1,0,0,0,0,0,0,0,1,0,0,0,0,0,0,0,0,0,0,0,0,0,1,0,0,1,0,0,0,0,0,1,0,0,0,1,0,0,0,0,0,0,0,0,1,0,1,0,0,1,0,1,1,0,4,0,2,1,1,3,0
DeepDiscount.com,www.deepdisocunt.com,$125M-$250M,Books/Music/Video,Web Only,5/1/18,14:45:00,14,DVD,$3.99 ,1,13,0,0,0,0,0,1,0,0,0,0,0,0,1,0,0,0,0,0,0,0,0,1,0,0,0,1,0,0,0,1,0,0,1,0,0,0,0,0,0,1,0,0,0,0,1,0,0,0,0,1,0,1,0,0,0,1,0,0,0,1,0,0,0,0,0,0,0,0,0,0,1,0,1,1,0,0,1,1,5,1,0,1,2,1,2
Airbnb,www.airbnb.com,NA,Travel,Web Only,5/3/18,13:20:00,10,Lodging,$40/d,1,13,0,0,0,0,0,0,0,0,0,0,0,0,0,0,0,0,0,0,1,0,0,1,0,1,1,0,0,0,0,0,0,1,1,1,0,0,1,1,0,0,0,0,1,0,0,0,0,0,0,0,0,0,0,0,1,0,0,0,0,1,0,0,1,0,0,0,0,0,1,0,0,0,0,1,0,1,0,1,2,1,3,0,5,0,0
Karmaloop.com,www.karmaloop.com,$125M-$250M,Apparel/Accessories,Web Only,4/30/18,13:55:00,10,Bag,$21.95 ,0,12,0,0,0,0,0,0,1,0,0,1,0,1,1,0,0,0,1,0,0,0,0,0,0,1,0,1,0,0,0,0,0,0,1,1,0,0,0,0,0,0,0,0,0,0,0,0,0,0,0,0,0,0,0,0,0,1,0,0,0,0,0,0,1,0,0,0,0,0,0,0,1,0,0,0,0,0,0,0,6,1,2,0,1,1,1
RueLaLa.com,www.ruelala.com,$500M-$1billion,Apparel/Accessories,Web Only,4/28/18,14:30:00,7,Wallet,$19.99 ,0,12,0,0,0,1,0,0,0,0,0,0,0,0,1,0,0,0,0,0,0,0,0,0,0,1,0,1,1,1,1,0,0,1,1,1,0,0,0,0,0,0,0,0,0,1,0,0,0,0,0,0,0,0,0,0,0,0,0,0,0,0,0,0,0,0,0,0,0,0,0,0,1,0,0,0,0,0,1,0,3,1,3,0,0,0,4
Casper,casper.com,$125M-$250M,Housewares/Home Furnishings,Consumer Brand Manufacturer,4/30/18,16:45:00,9,Pillow,$75.00 ,1,12,0,0,0,0,0,1,1,0,0,0,0,0,0,0,0,0,0,0,0,0,0,0,0,0,0,0,0,0,0,0,0,0,1,0,0,0,0,1,0,0,0,0,1,0,0,0,0,0,1,0,0,0,0,1,1,0,0,0,0,0,0,1,1,0,0,0,0,1,1,0,1,0,0,1,0,0,0,1,3,0,1,0,6,1,0
Tiffany & Co.,www.tiffany.com,$250M-$500M,Jewelry,Consumer Brand Manufacturer,4/29/18,23:20:00,7,Charm,$75.00 ,2,12,0,0,1,1,0,1,0,0,0,0,0,0,0,0,0,0,0,0,0,1,0,1,0,1,0,0,0,0,0,0,0,0,1,0,0,1,0,0,0,0,0,0,0,0,0,0,1,0,0,1,0,1,0,0,0,0,0,0,0,1,0,0,0,0,1,0,0,0,0,0,1,1,0,2,1,0,3,0,2,0,1,0,2,3,0
Apple Inc.,www.apple.com,1 billion+,Books/Music/Video,Consumer Brand Manufacturer,4/24/18,15:40:00,7,Tablet Case,$49.99 ,3,12,0,0,1,0,0,0,0,0,0,0,0,0,0,1,0,0,0,0,0,0,1,1,0,1,0,0,0,0,0,0,0,0,0,1,0,1,0,0,0,1,0,1,0,1,0,0,0,0,1,1,0,0,0,0,0,0,0,0,0,0,0,0,1,0,1,0,0,0,0,0,1,1,0,3,1,0,2,0,1,0,3,0,1,3,1
hhgregg Appliances Inc.,www.hhgregg.com,$125M-$250M,Computers/Electronics,Retail Chain,5/3/18,14:15:00,7,Patio Furniture,$29.99 ,1,11,0,0,0,0,1,0,0,0,0,0,0,0,1,0,0,0,0,0,0,0,0,0,0,1,1,0,0,0,0,0,0,0,1,0,0,0,0,0,0,0,0,0,0,0,0,1,0,1,0,1,0,0,0,0,0,1,0,0,0,1,0,0,0,0,0,0,1,0,0,0,0,0,1,1,0,1,0,0,4,0,1,2,1,1,0
U.S. Auto Parts Network Inc.,usautoparts.net,$250M-$500M,Automotive,Web Only,4/29/18,23:25:00,6,Seat Cover,$14.01 ,1,11,0,0,0,0,0,1,0,0,0,0,0,0,1,0,0,0,0,1,0,0,0,0,0,1,0,0,0,0,0,0,0,0,1,0,0,1,0,0,0,0,0,0,0,0,0,1,0,1,0,1,0,0,0,0,0,1,0,0,0,0,0,0,0,0,0,0,1,0,0,0,1,1,0,1,0,1,0,0,5,0,1,0,1,2,0
United States Mint,https://catalog.usmint.gov/,$250M-$500M,Specialty,Web Only,4/28/18,15:30:00,5,Coin,$19.95 ,1,11,0,0,0,0,1,1,0,0,0,0,0,0,0,0,0,0,0,0,0,0,0,1,0,1,0,0,0,0,0,1,0,0,1,1,0,0,0,0,0,0,0,0,0,0,0,0,1,0,0,1,0,0,0,0,0,0,0,0,0,1,0,0,0,1,0,0,1,0,0,0,0,0,0,1,0,0,1,0,2,2,2,1,2,1,0
Booking Group (Kayak),Kayak.com (search only),NA,Travel,Web Only,5/3/18,13:00:00,7,Hotel room,$183/d,1,11,0,0,0,0,0,1,0,0,0,0,0,0,1,0,0,0,0,1,1,1,0,0,0,0,0,0,0,0,0,0,0,0,1,0,0,0,0,1,0,0,0,1,0,0,1,0,0,1,0,0,0,0,0,0,0,0,0,0,0,0,0,0,1,0,0,0,0,0,1,0,0,0,0,1,1,1,1,1,4,0,1,0,3,0,0
Cheaper Than Dirt,www.cheaperthandirt.net,$125M-$250M,Sporting Goods,Web Only,4/30/18,18:20:00,7,Vest,$5.85 ,2,11,0,0,0,0,0,1,0,0,0,0,0,0,1,0,0,0,0,0,0,0,0,1,0,0,0,0,0,0,0,0,0,0,1,0,0,0,0,1,0,0,0,1,0,0,0,0,0,0,1,0,0,0,0,1,0,1,0,0,0,1,0,0,1,0,0,0,0,0,0,0,1,0,1,2,0,0,1,0,4,0,0,1,5,0,0
Dollar Shave Club,www.dollarshaveclub.com,$125M-$250M,Health/Beauty,Web Only,4/30/18,16:30:00,7,Chapstick,$4.00 ,0,10,0,0,0,0,1,0,1,1,0,0,0,0,1,0,0,0,0,0,0,0,0,0,0,0,0,0,0,0,0,0,0,0,0,0,0,0,0,1,0,0,0,0,1,0,0,0,0,0,0,1,0,0,0,0,1,0,0,0,0,0,0,0,1,0,0,0,1,0,0,0,0,0,0,0,0,0,0,1,2,0,0,2,3,2,0
"Expedia, Inc. (Hotwire)",hotwire.com,NA,Travel,Web Only,5/3/18,12:20:00,7,Airfare,$329.00 ,0,10,0,0,0,0,1,0,0,1,0,0,0,0,0,0,0,0,0,1,0,0,0,0,0,0,0,0,0,0,0,0,1,1,1,0,0,0,0,0,1,0,0,0,0,0,0,0,0,0,0,0,0,1,0,0,0,1,0,0,0,0,0,0,1,0,0,0,0,0,0,0,0,0,0,0,0,1,1,0,2,1,0,2,2,0,1
Memebox,https://us.memebox.com,$125M-$250M,Health/Beauty,Web Only,5/1/18,15:10:00,9,Lipsticks,$5.00 ,1,10,1,0,0,0,0,1,0,0,0,0,0,0,0,0,0,0,0,0,0,0,1,1,0,0,0,0,0,0,0,0,0,0,1,0,0,0,0,1,0,0,0,0,0,1,0,0,1,0,0,0,0,0,0,0,0,0,0,0,0,0,0,1,1,0,0,0,0,0,1,0,0,0,0,1,0,0,2,0,1,0,2,0,5,0,0
Booking Group (OpenTable),OpenTable.com,NA,Travel,Web Only,5/3/18,13:10:00,6,Restaurant Reservation,NA,3,10,0,0,1,0,0,1,0,0,0,0,0,0,0,0,0,0,0,1,0,0,0,0,1,1,1,0,0,0,1,0,0,0,1,1,0,0,0,1,1,0,0,0,0,0,0,0,0,0,0,0,0,0,1,0,0,0,0,0,0,0,0,0,1,0,0,0,0,0,0,0,0,0,0,3,0,2,0,0,1,0,2,0,4,0,1
Stitch Fix,www.stitchfix.com,$250M-$500M,Apparel/Accessories,Web Only,5/1/18,13:45:00,7,Subscription,$20.00 ,0,8,0,0,0,0,0,1,0,0,0,0,0,0,0,0,1,0,0,0,0,0,0,0,0,0,0,0,0,0,0,0,0,0,0,0,0,0,0,0,0,0,1,0,1,0,0,0,0,0,0,0,0,0,0,0,1,0,0,0,0,0,0,0,1,0,0,0,0,1,0,0,1,0,0,0,0,0,0,2,2,0,0,0,3,1,0
Bookbyte,www.bookbyte.com,$125M-$250M,Books/Music/Video,Web Only,5/1/18,13:15:00,6,Textbook,$121.95 ,0,8,0,0,0,0,0,0,0,0,0,0,0,0,0,0,0,0,0,0,0,0,0,0,0,0,0,0,0,0,0,0,0,0,1,0,0,0,0,1,0,0,0,0,1,0,0,0,0,0,0,0,0,0,0,0,0,0,0,0,0,0,0,0,1,0,0,0,1,0,0,0,1,1,1,0,0,0,0,0,3,0,0,1,3,1,0
OvernightPrints.com,www.overnightprints.com,$125M-$250M,Office Supplies,Web Only,5/1/18,15:15:00,7,Notepad,$12.35 ,0,8,0,0,0,0,0,1,0,0,0,0,0,0,1,0,0,0,0,0,0,0,0,0,0,1,1,0,0,0,0,0,0,0,1,0,0,1,0,0,0,0,0,0,0,0,0,0,0,0,0,0,0,0,0,0,1,0,0,0,0,0,0,0,0,0,0,0,1,0,0,0,0,1,0,0,0,1,0,1,3,0,1,0,1,1,0
Allied Electronics,www.alliedelec.com,$125M-$250M,Computers/Electronics,Catalog/Call Center,4/30/18,16:20:00,7,Adapter,$7.99 ,1,8,0,0,0,0,0,0,1,0,0,0,0,0,0,0,0,0,0,0,0,0,0,0,0,1,0,0,0,0,0,0,0,0,1,0,0,0,0,0,0,0,0,0,0,0,0,0,0,1,0,0,0,0,0,0,0,1,0,0,0,1,0,0,0,1,0,0,1,0,0,0,1,0,0,1,0,0,0,0,4,1,1,0,1,1,0
Tripadvisor,www.tripadvisor.com,NA,Travel,Web Only,5/3/18,13:15:00,7,Hotel Room,$69/d,1,8,0,0,0,0,0,1,0,0,0,0,0,0,1,0,0,0,0,1,0,0,0,1,0,0,1,0,0,0,0,0,0,0,1,0,0,0,0,1,0,0,0,0,0,0,0,0,0,0,0,0,0,0,0,0,0,0,0,0,0,0,0,0,1,0,0,0,0,0,1,0,0,0,0,1,0,2,0,0,2,0,1,0,3,0,0
1.800 Contacts Inc.,www.1800contacts.com,$250M-$500M,Health/Beauty,Catalog/Call Center,4/28/18,14:40:00,10,Contacts,$30.99 ,1,7,0,0,1,0,1,0,0,0,1,0,0,0,0,0,0,0,0,0,0,0,0,0,0,0,0,0,0,0,0,0,0,0,0,0,0,0,0,0,0,0,0,0,0,0,0,0,0,0,0,1,0,0,0,0,1,0,0,0,0,0,0,0,0,0,0,0,1,0,0,0,1,1,0,1,0,0,0,1,2,0,0,2,0,2,0
"Expedia, Inc. (CarRentals)",carrentals.com,NA,Travel,Web Only,5/3/18,12:30:00,10,Car Rental,$16.00/d,1,7,0,0,0,0,1,0,0,0,0,0,0,0,0,0,1,0,0,1,0,0,0,0,0,0,0,0,0,0,0,0,1,0,1,0,0,0,0,0,0,0,0,0,0,0,1,0,0,1,0,0,0,0,0,0,0,1,0,0,0,0,0,0,0,0,0,0,0,0,0,0,0,0,0,1,0,1,0,1,3,0,0,1,0,1,1
Blue Apron Inc.,www.blueapron.com,$125M-$250M,Food/Drug,Web Only,5/1/18,15:50:00,4,Family Plan,$9.99 ,1,5,0,0,0,0,0,0,0,0,0,0,0,0,0,0,0,0,0,0,0,0,0,0,0,0,1,0,0,0,0,0,0,0,1,0,0,0,0,0,0,0,1,0,0,0,0,0,0,1,0,0,0,0,0,0,1,0,0,0,0,0,0,1,0,0,0,0,0,0,0,0,0,0,0,1,0,1,0,2,1,0,0,0,1,0,0
Ipsy,https://www.ipsy.com/,$125M-$250M,Health/Beauty,Web Only,5/1/18,13:30:00,6,Subscription,$10.00/m,0,4,0,0,0,0,0,0,0,0,1,0,0,0,0,0,0,0,0,0,0,0,0,0,0,0,0,0,0,0,0,0,0,0,0,0,0,0,0,0,0,0,1,0,0,0,0,0,0,0,0,0,0,0,0,0,1,0,0,0,0,0,0,0,0,0,0,0,1,0,0,0,0,0,0,0,0,0,0,2,1,0,0,1,0,0,0